model,horizon,delta,planner,trial,seed,status,objective,time_s,risk,solver_status,expanded_nodes,frontier_nodes,tree_nodes,ilp_variables,ilp_constraints,iterations,evaluation_episodes,risk_rate,physical_duration_mean,policy_execution_time_s,result_file,error
F,3,0.1,full-ilp,1,2023,ok,8.932312499999998,0.21154753817245364,0.08976562500000002,optimal,628.0,,785.0,628.0,158.0,1,1000,0.086,3.0,0.003578513096086681,results/table1-raw/darp-f-h3-d0p1-full-ilp-trial01.json,
F,3,0.1,hilp,1,2023,ok,8.932312499999998,0.06369836302474141,0.08976562500000002,optimal,31.0,237.0,,268.0,68.0,12.0,1000,0.086,3.0,0.0035608347330708056,results/table1-raw/darp-f-h3-d0p1-hilp-trial01.json,
F,3,0.2,full-ilp,1,2023,ok,8.155624999999999,0.18221459886990488,0.144375,optimal,628.0,,785.0,628.0,158.0,1,1000,0.136,3.0,0.0035941333980299534,results/table1-raw/darp-f-h3-d0p2-full-ilp-trial01.json,
F,3,0.2,hilp,1,2023,ok,8.155624999999999,0.057704626116901636,0.144375,optimal,22.0,138.0,,160.0,41.0,9.0,1000,0.136,3.0,0.003659979643067345,results/table1-raw/darp-f-h3-d0p2-hilp-trial01.json,
F,3,0.3,full-ilp,1,2023,ok,8.155624999999999,0.20046781515702605,0.144375,optimal,628.0,,785.0,628.0,158.0,1,1000,0.136,3.0,0.003686740652192384,results/table1-raw/darp-f-h3-d0p3-full-ilp-trial01.json,
F,3,0.3,hilp,1,2023,ok,8.155624999999999,0.04655831097625196,0.144375,optimal,23.0,149.0,,172.0,44.0,9.0,1000,0.136,3.0,0.0039038619280327112,results/table1-raw/darp-f-h3-d0p3-hilp-trial01.json,
F,4,0.1,full-ilp,1,2023,ok,9.679810263671875,2.4887098020408303,0.09923649803466798,optimal,7540.0,,9425.0,7540.0,1886.0,1,1000,0.104,4.0,0.004864880874985829,results/table1-raw/darp-f-h4-d0p1-full-ilp-trial01.json,
F,4,0.1,hilp,1,2023,ok,9.679810263671875,0.2474630221258849,0.09923649803466798,optimal,132.0,952.0,,1084.0,272.0,22.0,1000,0.104,4.0,0.005020259027834982,results/table1-raw/darp-f-h4-d0p1-hilp-trial01.json,
F,4,0.2,full-ilp,1,2023,ok,8.241031249999999,2.2855160830076784,0.15480147923583987,optimal,7540.0,,9425.0,7540.0,1886.0,1,1000,0.154,4.0,0.005027239033021033,results/table1-raw/darp-f-h4-d0p2-full-ilp-trial01.json,
F,4,0.2,hilp,1,2023,ok,8.241031249999999,0.13305183895863593,0.15480147923583987,optimal,76.0,516.0,,592.0,149.0,13.0,1000,0.154,4.0,0.004803986399900168,results/table1-raw/darp-f-h4-d0p2-hilp-trial01.json,
F,4,0.3,full-ilp,1,2023,ok,8.241031249999999,2.3279420759063214,0.15480147923583987,optimal,7540.0,,9425.0,7540.0,1886.0,1,1000,0.154,4.0,0.004980737789999694,results/table1-raw/darp-f-h4-d0p3-full-ilp-trial01.json,
F,4,0.3,hilp,1,2023,ok,8.241031249999999,0.21094041410833597,0.15480147923583987,optimal,101.0,791.0,,892.0,224.0,20.0,1000,0.154,4.0,0.0047268628790043295,results/table1-raw/darp-f-h4-d0p3-hilp-trial01.json,
F,5,0.1,full-ilp,1,2023,ok,10.358017454345704,33.158828299026936,0.09444588296646883,optimal,90484.0,,113105.0,90484.0,22622.0,1,1000,0.088,5.0,0.005961007034871727,results/table1-raw/darp-f-h5-d0p1-full-ilp-trial01.json,
F,5,0.1,hilp,1,2023,ok,10.358017454345704,2.5441485540941358,0.09444588296646883,optimal,519.0,3985.0,,4504.0,1127.0,45.0,1000,0.088,5.0,0.006029164555016905,results/table1-raw/darp-f-h5-d0p1-hilp-trial01.json,
F,5,0.2,full-ilp,1,2023,ok,8.330533203124999,31.871704841963947,0.15553190065651704,optimal,90484.0,,113105.0,90484.0,22622.0,1,1000,0.172,5.0,0.006287978525040671,results/table1-raw/darp-f-h5-d0p2-full-ilp-trial01.json,
F,5,0.2,hilp,1,2023,ok,8.330533203124999,0.694215043913573,0.15553190065651704,optimal,331.0,2673.0,,3004.0,752.0,26.0,1000,0.172,5.0,0.005587591476971284,results/table1-raw/darp-f-h5-d0p2-hilp-trial01.json,
F,5,0.3,full-ilp,1,2023,ok,8.330533203124999,31.6196567309089,0.15553190065651704,optimal,90484.0,,113105.0,90484.0,22622.0,1,1000,0.172,5.0,0.00581670357612893,results/table1-raw/darp-f-h5-d0p3-full-ilp-trial01.json,
F,5,0.3,hilp,1,2023,ok,8.330533203124999,0.8665818059816957,0.15553190065651704,optimal,404.0,3476.0,,3880.0,971.0,29.0,1000,0.172,5.0,0.006027698535006494,results/table1-raw/darp-f-h5-d0p3-hilp-trial01.json,
F,6,0.1,hilp,1,2023,ok,10.856434987909898,10.359426313079894,0.09999944835067112,optimal,1609.0,11439.0,,13048.0,3263.0,63.0,1000,0.097,6.0,0.006934248581994325,results/table1-raw/darp-f-h6-d0p1-hilp-trial01.json,
F,6,0.2,hilp,1,2023,ok,8.51730822880294,7.295094504952431,0.1587357693835137,optimal,1812.0,15796.0,,17608.0,4403.0,49.0,1000,0.156,6.0,0.006877167568076402,results/table1-raw/darp-f-h6-d0p2-hilp-trial01.json,
F,6,0.3,hilp,1,2023,ok,8.51730822880294,15.166220465907827,0.1587357693835137,optimal,2833.0,28215.0,,31048.0,7763.0,76.0,1000,0.156,6.0,0.007003819138044491,results/table1-raw/darp-f-h6-d0p3-hilp-trial01.json,
E,3,0.1,full-ilp,1,2023,ok,8.932312499999998,0.41810651402920485,0.08976562500000002,optimal,628.0,,785.0,628.0,158.0,1,1000,0.086,3.272,0.00548335818410851,results/table1-raw/darp-e-h3-d0p1-full-ilp-trial01.json,
E,3,0.1,hilp,1,2023,ok,8.932312499999998,0.07338026398792863,0.08976562500000002,optimal,31.0,237.0,,268.0,68.0,12.0,1000,0.086,3.272,0.00547343589598313,results/table1-raw/darp-e-h3-d0p1-hilp-trial01.json,
E,3,0.2,full-ilp,1,2023,ok,8.155624999999999,0.41803958802483976,0.144375,optimal,628.0,,785.0,628.0,158.0,1,1000,0.136,4.596,0.005357222391059622,results/table1-raw/darp-e-h3-d0p2-full-ilp-trial01.json,
E,3,0.2,hilp,1,2023,ok,8.155624999999999,0.06164148007519543,0.144375,optimal,22.0,138.0,,160.0,41.0,9.0,1000,0.136,4.596,0.0053060838819947095,results/table1-raw/darp-e-h3-d0p2-hilp-trial01.json,
E,3,0.3,full-ilp,1,2023,ok,8.155624999999999,0.4148434728849679,0.144375,optimal,628.0,,785.0,628.0,158.0,1,1000,0.136,4.596,0.00530607223091647,results/table1-raw/darp-e-h3-d0p3-full-ilp-trial01.json,
E,3,0.3,hilp,1,2023,ok,8.155624999999999,0.06220433488488197,0.144375,optimal,23.0,149.0,,172.0,44.0,9.0,1000,0.136,4.596,0.0057166665401309725,results/table1-raw/darp-e-h3-d0p3-hilp-trial01.json,
E,4,0.1,full-ilp,1,2023,ok,9.622721442871093,6.881952867144719,0.09819218091430666,optimal,7256.0,,9070.0,7256.0,1815.0,1,1000,0.099,4.333,0.006984378945082426,results/table1-raw/darp-e-h4-d0p1-full-ilp-trial01.json,
E,4,0.1,hilp,1,2023,ok,9.622721442871093,0.21237206202931702,0.09819218091430666,optimal,76.0,532.0,,608.0,153.0,18.0,1000,0.099,4.333,0.006877096924930811,results/table1-raw/darp-e-h4-d0p1-hilp-trial01.json,
E,4,0.2,full-ilp,1,2023,ok,8.15856150048828,6.439299014862627,0.15001656584472658,optimal,7256.0,,9070.0,7256.0,1815.0,1,1000,0.157,4.759,0.005450989393983036,results/table1-raw/darp-e-h4-d0p2-full-ilp-trial01.json,
E,4,0.2,hilp,1,2023,ok,8.15856150048828,0.1448811599984765,0.15001656584472658,optimal,47.0,301.0,,348.0,88.0,13.0,1000,0.157,4.759,0.0054894575960934165,results/table1-raw/darp-e-h4-d0p2-hilp-trial01.json,
E,4,0.3,full-ilp,1,2023,ok,8.15856150048828,6.604740113951266,0.15001656584472658,optimal,7256.0,,9070.0,7256.0,1815.0,1,1000,0.157,4.759,0.005425734747899696,results/table1-raw/darp-e-h4-d0p3-full-ilp-trial01.json,
E,4,0.3,hilp,1,2023,ok,8.15856150048828,0.16198613494634628,0.15001656584472658,optimal,47.0,305.0,,352.0,89.0,13.0,1000,0.157,4.759,0.00554061596095562,results/table1-raw/darp-e-h4-d0p3-hilp-trial01.json,
E,5,0.1,full-ilp,1,2023,ok,10.309439555011444,110.07965980912559,0.09953770445165636,optimal,82148.0,,102685.0,82148.0,20538.0,1,1000,0.119,5.389,0.00852312872488983,results/table1-raw/darp-e-h5-d0p1-full-ilp-trial01.json,
E,5,0.1,hilp,1,2023,ok,10.309439555011444,1.4168920030351728,0.09953770445165636,optimal,376.0,2636.0,,3012.0,754.0,39.0,1000,0.119,5.389,0.00852102232305333,results/table1-raw/darp-e-h5-d0p1-hilp-trial01.json,
E,5,0.2,full-ilp,1,2023,ok,8.241031249999999,111.45703730499372,0.15511172017822267,optimal,82148.0,,102685.0,82148.0,20538.0,1,1000,0.154,5.947,0.007285186069086194,results/table1-raw/darp-e-h5-d0p2-full-ilp-trial01.json,
E,5,0.2,hilp,1,2023,ok,8.241031249999999,0.22335987794212997,0.15511172017822267,optimal,82.0,546.0,,628.0,158.0,14.0,1000,0.154,5.947,0.0070925539690069855,results/table1-raw/darp-e-h5-d0p2-hilp-trial01.json,
E,5,0.3,full-ilp,1,2023,ok,8.241031249999999,110.52052414580248,0.15511172017822267,optimal,82148.0,,102685.0,82148.0,20538.0,1,1000,0.154,5.947,0.007037931409897283,results/table1-raw/darp-e-h5-d0p3-full-ilp-trial01.json,
E,5,0.3,hilp,1,2023,ok,8.241031249999999,0.29357073712162673,0.15511172017822267,optimal,107.0,821.0,,928.0,233.0,20.0,1000,0.154,5.947,0.007146567026153207,results/table1-raw/darp-e-h5-d0p3-hilp-trial01.json,
E,6,0.1,hilp,1,2023,ok,10.704824919912179,4.096808040048927,0.10000064920495633,optimal,815.0,5357.0,,6172.0,1544.0,46.0,1000,0.095,6.581,0.00974997236696072,results/table1-raw/darp-e-h6-d0p1-hilp-trial01.json,
E,6,0.2,hilp,1,2023,ok,8.264841228053587,0.7235796309541911,0.1586491694790459,optimal,260.0,1936.0,,2196.0,550.0,21.0,1000,0.17,6.296,0.007701799914939329,results/table1-raw/darp-e-h6-d0p2-hilp-trial01.json,
E,6,0.3,hilp,1,2023,ok,8.264841228053587,0.8541828379966319,0.1586491694790459,optimal,285.0,2211.0,,2496.0,625.0,25.0,1000,0.17,6.296,0.007559945742134005,results/table1-raw/darp-e-h6-d0p3-hilp-trial01.json,
S,3,0.1,full-ilp,1,2023,ok,9.589169282470703,5.889579409034923,0.0976468219482422,optimal,6408.0,,8010.0,6408.0,1603.0,1,1000,0.097,4.095725847663107,0.006595206632977351,results/table1-raw/darp-s-h3-d0p1-full-ilp-trial01.json,
S,3,0.1,hilp,1,2023,ok,9.589169282470703,0.13580469111911952,0.0976468219482422,optimal,51.0,353.0,,404.0,102.0,15.0,1000,0.097,4.095725847663107,0.006769758933223784,results/table1-raw/darp-s-h3-d0p1-hilp-trial01.json,
S,3,0.2,full-ilp,1,2023,ok,8.155624999999999,5.934355803998187,0.14501150390625,optimal,6408.0,,8010.0,6408.0,1603.0,1,1000,0.136,4.601041597277273,0.006005735889077187,results/table1-raw/darp-s-h3-d0p2-full-ilp-trial01.json,
S,3,0.2,hilp,1,2023,ok,8.155624999999999,0.08645603712648153,0.14501150390625,optimal,23.0,141.0,,164.0,42.0,9.0,1000,0.136,4.601041597277273,0.005459942588116973,results/table1-raw/darp-s-h3-d0p2-hilp-trial01.json,
S,3,0.3,full-ilp,1,2023,ok,8.155624999999999,6.073949370998889,0.14501150390625,optimal,6408.0,,8010.0,6408.0,1603.0,1,1000,0.136,4.601041597277273,0.005551640230929479,results/table1-raw/darp-s-h3-d0p3-full-ilp-trial01.json,
S,3,0.3,hilp,1,2023,ok,8.155624999999999,0.1074559900444001,0.14501150390625,optimal,24.0,152.0,,176.0,45.0,10.0,1000,0.136,4.601041597277273,0.005244735294021666,results/table1-raw/darp-s-h3-d0p3-hilp-trial01.json,
S,4,0.1,full-ilp,1,2023,ok,10.26489840341797,87.7670291820541,0.09860594311523439,optimal,65552.0,,81940.0,65552.0,16389.0,1,1000,0.096,5.0069954404986134,0.008052497018128633,results/table1-raw/darp-s-h4-d0p1-full-ilp-trial01.json,
S,4,0.1,hilp,1,2023,ok,10.26489840341797,1.2464012110140175,0.09860594311523439,optimal,315.0,2025.0,,2340.0,586.0,37.0,1000,0.096,5.0069954404986134,0.007780630555003882,results/table1-raw/darp-s-h4-d0p1-hilp-trial01.json,
S,4,0.2,full-ilp,1,2023,ok,8.160682259521483,89.0597322860267,0.15374998809814455,optimal,65552.0,,81940.0,65552.0,16389.0,1,1000,0.162,4.795560585647576,0.00567991925496608,results/table1-raw/darp-s-h4-d0p2-full-ilp-trial01.json,
S,4,0.2,hilp,1,2023,ok,8.160682259521483,0.17830930091440678,0.15374998809814455,optimal,54.0,346.0,,400.0,101.0,13.0,1000,0.162,4.795560585647576,0.005780527872033417,results/table1-raw/darp-s-h4-d0p2-hilp-trial01.json,
S,4,0.3,full-ilp,1,2023,ok,8.160682259521483,86.81030526105314,0.15374998809814455,optimal,65552.0,,81940.0,65552.0,16389.0,1,1000,0.162,4.795560585647576,0.005551322293933481,results/table1-raw/darp-s-h4-d0p3-full-ilp-trial01.json,
S,4,0.3,hilp,1,2023,ok,8.160682259521483,0.15874660201370716,0.15374998809814455,optimal,55.0,357.0,,412.0,104.0,13.0,1000,0.162,4.795560585647576,0.005484177361009642,results/table1-raw/darp-s-h4-d0p3-hilp-trial01.json,
S,5,0.1,full-ilp,1,2023,ok,10.628012313570332,1264.197577637853,0.10000022746102119,optimal,661692.0,,827115.0,661692.0,165424.0,1,1000,0.112,5.737809137735195,0.009059275664854795,results/table1-raw/darp-s-h5-d0p1-full-ilp-trial01.json,
S,5,0.1,hilp,1,2023,ok,10.628012313570332,3.7437901569064707,0.10000022746102119,optimal,762.0,4850.0,,5612.0,1404.0,47.0,1000,0.112,5.737809137735195,0.008563482366036624,results/table1-raw/darp-s-h5-d0p1-hilp-trial01.json,
S,5,0.2,full-ilp,1,2023,ok,8.241142164653624,1230.9869288010523,0.1559220785113907,optimal,661692.0,,827115.0,661692.0,165424.0,1,1000,0.147,6.009556169936164,0.007023600988090038,results/table1-raw/darp-s-h5-d0p2-full-ilp-trial01.json,
S,5,0.2,hilp,1,2023,ok,8.241142164653624,0.35017040208913386,0.1559220785113907,optimal,101.0,631.0,,732.0,184.0,16.0,1000,0.147,6.009556169936164,0.006941753359977156,results/table1-raw/darp-s-h5-d0p2-hilp-trial01.json,
S,5,0.3,full-ilp,1,2023,ok,8.241142164653624,1233.202855466865,0.1559220785113907,optimal,661692.0,,827115.0,661692.0,165424.0,1,1000,0.147,6.009556169936164,0.006874733916018158,results/table1-raw/darp-s-h5-d0p3-full-ilp-trial01.json,
S,5,0.3,hilp,1,2023,ok,8.241142164653624,0.37891462189145386,0.1559220785113907,optimal,126.0,906.0,,1032.0,259.0,21.0,1000,0.147,6.009556169936164,0.006914044248173014,results/table1-raw/darp-s-h5-d0p3-hilp-trial01.json,
S,6,0.1,hilp,1,2023,ok,10.977142265694713,10.967051849933341,0.10000093674832447,optimal,1836.0,10992.0,,12828.0,3208.0,61.0,1000,0.098,6.929680969713295,0.009649450233904644,results/table1-raw/darp-s-h6-d0p1-hilp-trial01.json,
S,6,0.2,hilp,1,2023,ok,8.279714041003265,0.8528361418284476,0.16395344059967423,optimal,310.0,2282.0,,2592.0,649.0,22.0,1000,0.189,6.912330230388595,0.007984725550049915,results/table1-raw/darp-s-h6-d0p2-hilp-trial01.json,
S,6,0.3,hilp,1,2023,ok,8.279714041003265,1.1312352889217436,0.16395344059967423,optimal,370.0,3074.0,,3444.0,862.0,30.0,1000,0.189,6.912330230388595,0.007683349513914436,results/table1-raw/darp-s-h6-d0p3-hilp-trial01.json,
