model,horizon,delta,planner,trial,seed,status,objective,time_s,risk,solver_status,expanded_nodes,frontier_nodes,tree_nodes,ilp_variables,ilp_constraints,iterations,evaluation_episodes,risk_rate,physical_duration_mean,policy_execution_time_s,result_file,error,case,input_digest,domain,instance,algorithm,alpha,lambda
F,3,0.1,full-ilp,1,2023,ok,8.932312499999998,0.21154753817245364,0.08976562500000002,optimal,628.0,,785.0,628.0,158.0,1,1000,0.086,3.0,0.003578513096086681,policies/darp-f-h3-d0p1-full-ilp-trial01.json,,grid-5x5-h3-d1-r1-b0.1,2dd4c818c32f51f28cb82c2c44ed9a65eb5ae10f13481483026f20a393ef47bd,benchmarks/grid/fixed-duration/domain.rddl,benchmarks/grid/fixed-duration/grid-5x5-h3-d1-r1-b0.1.rddl,FullILP,1,1
F,3,0.2,full-ilp,1,2023,ok,8.155624999999999,0.18221459886990488,0.144375,optimal,628.0,,785.0,628.0,158.0,1,1000,0.136,3.0,0.0035941333980299534,policies/darp-f-h3-d0p2-full-ilp-trial01.json,,grid-5x5-h3-d1-r1-b0.2,0c952fd7fb709ebd44038661f64d3016ca754a476eb7d971243a1a15a55c2b49,benchmarks/grid/fixed-duration/domain.rddl,benchmarks/grid/fixed-duration/grid-5x5-h3-d1-r1-b0.2.rddl,FullILP,1,1
F,3,0.3,full-ilp,1,2023,ok,8.155624999999999,0.20046781515702605,0.144375,optimal,628.0,,785.0,628.0,158.0,1,1000,0.136,3.0,0.003686740652192384,policies/darp-f-h3-d0p3-full-ilp-trial01.json,,grid-5x5-h3-d1-r1-b0.3,22e089a008c49f646205b835e0f58d5518d958d6552b2cb62930b6c89c2c9c22,benchmarks/grid/fixed-duration/domain.rddl,benchmarks/grid/fixed-duration/grid-5x5-h3-d1-r1-b0.3.rddl,FullILP,1,1
F,4,0.1,full-ilp,1,2023,ok,9.679810263671875,2.4887098020408303,0.09923649803466798,optimal,7540.0,,9425.0,7540.0,1886.0,1,1000,0.104,4.0,0.004864880874985829,policies/darp-f-h4-d0p1-full-ilp-trial01.json,,grid-5x5-h4-d1-r1-b0.1,1908d944b6414c2ca44181e62d668caeb6e065c3eb0a7215a35a13067ca0891d,benchmarks/grid/fixed-duration/domain.rddl,benchmarks/grid/fixed-duration/grid-5x5-h4-d1-r1-b0.1.rddl,FullILP,1,1
F,4,0.2,full-ilp,1,2023,ok,8.241031249999999,2.2855160830076784,0.15480147923583987,optimal,7540.0,,9425.0,7540.0,1886.0,1,1000,0.154,4.0,0.005027239033021033,policies/darp-f-h4-d0p2-full-ilp-trial01.json,,grid-5x5-h4-d1-r1-b0.2,48d1800adc3241e68e2bd399602b82183aded8fdacd64f217363b84eb7d178d4,benchmarks/grid/fixed-duration/domain.rddl,benchmarks/grid/fixed-duration/grid-5x5-h4-d1-r1-b0.2.rddl,FullILP,1,1
F,4,0.3,full-ilp,1,2023,ok,8.241031249999999,2.3279420759063214,0.15480147923583987,optimal,7540.0,,9425.0,7540.0,1886.0,1,1000,0.154,4.0,0.004980737789999694,policies/darp-f-h4-d0p3-full-ilp-trial01.json,,grid-5x5-h4-d1-r1-b0.3,ab6f51b97e4aebc3bc2f3935bce339d5433906f3a3580f79e8a7f1c385603898,benchmarks/grid/fixed-duration/domain.rddl,benchmarks/grid/fixed-duration/grid-5x5-h4-d1-r1-b0.3.rddl,FullILP,1,1
F,5,0.1,full-ilp,1,2023,ok,10.358017454345704,33.158828299026936,0.09444588296646883,optimal,90484.0,,113105.0,90484.0,22622.0,1,1000,0.088,5.0,0.005961007034871727,policies/darp-f-h5-d0p1-full-ilp-trial01.json,,grid-5x5-h5-d1-r1-b0.1,c2782ac2130146505c431b6d79606db6ec0d93d61eafd747313eeaa42908d059,benchmarks/grid/fixed-duration/domain.rddl,benchmarks/grid/fixed-duration/grid-5x5-h5-d1-r1-b0.1.rddl,FullILP,1,1
F,5,0.2,full-ilp,1,2023,ok,8.330533203124999,31.871704841963947,0.15553190065651704,optimal,90484.0,,113105.0,90484.0,22622.0,1,1000,0.172,5.0,0.006287978525040671,policies/darp-f-h5-d0p2-full-ilp-trial01.json,,grid-5x5-h5-d1-r1-b0.2,f3d6fa15df4240a746e6ac4eff341a7504eaa7cc09751818ef06e89040b79377,benchmarks/grid/fixed-duration/domain.rddl,benchmarks/grid/fixed-duration/grid-5x5-h5-d1-r1-b0.2.rddl,FullILP,1,1
F,5,0.3,full-ilp,1,2023,ok,8.330533203124999,31.6196567309089,0.15553190065651704,optimal,90484.0,,113105.0,90484.0,22622.0,1,1000,0.172,5.0,0.00581670357612893,policies/darp-f-h5-d0p3-full-ilp-trial01.json,,grid-5x5-h5-d1-r1-b0.3,87a1da684d35b9dd9860156eecec31919adf2d9eaed7d0d48966428aad4cd464,benchmarks/grid/fixed-duration/domain.rddl,benchmarks/grid/fixed-duration/grid-5x5-h5-d1-r1-b0.3.rddl,FullILP,1,1
E,3,0.1,full-ilp,1,2023,ok,8.932312499999998,0.41810651402920485,0.08976562500000002,optimal,628.0,,785.0,628.0,158.0,1,1000,0.086,3.272,0.00548335818410851,policies/darp-e-h3-d0p1-full-ilp-trial01.json,,grid-5x5-h3-d1-r1-b0.1,41bfec2c852241ef42a651663134c3fb2809df6167b523c7b1c4a908bb743578,benchmarks/grid/expected-duration/domain.rddl,benchmarks/grid/expected-duration/grid-5x5-h3-d1-r1-b0.1.rddl,FullILP,1,1
E,3,0.2,full-ilp,1,2023,ok,8.155624999999999,0.41803958802483976,0.144375,optimal,628.0,,785.0,628.0,158.0,1,1000,0.136,4.596,0.005357222391059622,policies/darp-e-h3-d0p2-full-ilp-trial01.json,,grid-5x5-h3-d1-r1-b0.2,63144c6e893cd37bb99e089cd334391a7adcf6cb03c37c44e1afe428c70f39e8,benchmarks/grid/expected-duration/domain.rddl,benchmarks/grid/expected-duration/grid-5x5-h3-d1-r1-b0.2.rddl,FullILP,1,1
E,3,0.3,full-ilp,1,2023,ok,8.155624999999999,0.4148434728849679,0.144375,optimal,628.0,,785.0,628.0,158.0,1,1000,0.136,4.596,0.00530607223091647,policies/darp-e-h3-d0p3-full-ilp-trial01.json,,grid-5x5-h3-d1-r1-b0.3,b34990db79c5bf54d51637fad2175d5894c1eaffbebcf1a3b3aa41ff5e114984,benchmarks/grid/expected-duration/domain.rddl,benchmarks/grid/expected-duration/grid-5x5-h3-d1-r1-b0.3.rddl,FullILP,1,1
E,4,0.1,full-ilp,1,2023,ok,9.622721442871093,6.881952867144719,0.09819218091430666,optimal,7256.0,,9070.0,7256.0,1815.0,1,1000,0.099,4.333,0.006984378945082426,policies/darp-e-h4-d0p1-full-ilp-trial01.json,,grid-5x5-h4-d1-r1-b0.1,5280c8d87e5153a44bedfbfecc07a081f633ab5e670a968783f2ec36caa0666a,benchmarks/grid/expected-duration/domain.rddl,benchmarks/grid/expected-duration/grid-5x5-h4-d1-r1-b0.1.rddl,FullILP,1,1
E,4,0.2,full-ilp,1,2023,ok,8.15856150048828,6.439299014862627,0.15001656584472658,optimal,7256.0,,9070.0,7256.0,1815.0,1,1000,0.157,4.759,0.005450989393983036,policies/darp-e-h4-d0p2-full-ilp-trial01.json,,grid-5x5-h4-d1-r1-b0.2,41fe917c5799a8e21b28a4f5571af35190dbcf3a946419276bb2acd37268bc81,benchmarks/grid/expected-duration/domain.rddl,benchmarks/grid/expected-duration/grid-5x5-h4-d1-r1-b0.2.rddl,FullILP,1,1
E,4,0.3,full-ilp,1,2023,ok,8.15856150048828,6.604740113951266,0.15001656584472658,optimal,7256.0,,9070.0,7256.0,1815.0,1,1000,0.157,4.759,0.005425734747899696,policies/darp-e-h4-d0p3-full-ilp-trial01.json,,grid-5x5-h4-d1-r1-b0.3,2a8dddceee006535a868e30bdf8daa1225560d524feee48fbd14bc61c3af6ef0,benchmarks/grid/expected-duration/domain.rddl,benchmarks/grid/expected-duration/grid-5x5-h4-d1-r1-b0.3.rddl,FullILP,1,1
E,5,0.1,full-ilp,1,2023,ok,10.309439555011444,110.07965980912559,0.09953770445165636,optimal,82148.0,,102685.0,82148.0,20538.0,1,1000,0.119,5.389,0.00852312872488983,policies/darp-e-h5-d0p1-full-ilp-trial01.json,,grid-5x5-h5-d1-r1-b0.1,2428a07acc48b66128d4ddd04ab04e98bed13cf07ac1592d5f77faaa505e92c9,benchmarks/grid/expected-duration/domain.rddl,benchmarks/grid/expected-duration/grid-5x5-h5-d1-r1-b0.1.rddl,FullILP,1,1
E,5,0.2,full-ilp,1,2023,ok,8.241031249999999,111.45703730499372,0.15511172017822267,optimal,82148.0,,102685.0,82148.0,20538.0,1,1000,0.154,5.947,0.007285186069086194,policies/darp-e-h5-d0p2-full-ilp-trial01.json,,grid-5x5-h5-d1-r1-b0.2,5ade6a166dca343e668234cea6f119d0df365dda134c32eb336514224d20f93f,benchmarks/grid/expected-duration/domain.rddl,benchmarks/grid/expected-duration/grid-5x5-h5-d1-r1-b0.2.rddl,FullILP,1,1
E,5,0.3,full-ilp,1,2023,ok,8.241031249999999,110.52052414580248,0.15511172017822267,optimal,82148.0,,102685.0,82148.0,20538.0,1,1000,0.154,5.947,0.007037931409897283,policies/darp-e-h5-d0p3-full-ilp-trial01.json,,grid-5x5-h5-d1-r1-b0.3,cd490610000c706a0d942a1043a6fe2fde4d88c8964a5962e4af3df973a98491,benchmarks/grid/expected-duration/domain.rddl,benchmarks/grid/expected-duration/grid-5x5-h5-d1-r1-b0.3.rddl,FullILP,1,1
S,3,0.1,full-ilp,1,2023,ok,9.589169282470703,5.889579409034923,0.0976468219482422,optimal,6408.0,,8010.0,6408.0,1603.0,1,1000,0.097,4.095725847663107,0.006595206632977351,policies/darp-s-h3-d0p1-full-ilp-trial01.json,,grid-5x5-h3-d1-r1-b0.1,3cb6ce47b01049755940efa1c53c6069f69e8b57e2df98c27e5a0d197723638c,benchmarks/grid/stochastic-duration/domain.rddl,benchmarks/grid/stochastic-duration/grid-5x5-h3-d1-r1-b0.1.rddl,FullILP,1,1
S,3,0.2,full-ilp,1,2023,ok,8.155624999999999,5.934355803998187,0.14501150390625,optimal,6408.0,,8010.0,6408.0,1603.0,1,1000,0.136,4.601041597277273,0.006005735889077187,policies/darp-s-h3-d0p2-full-ilp-trial01.json,,grid-5x5-h3-d1-r1-b0.2,b16b7fa0950976899cfc50640952ac91c94a08d5fbe0d946ca6963f53f3b603b,benchmarks/grid/stochastic-duration/domain.rddl,benchmarks/grid/stochastic-duration/grid-5x5-h3-d1-r1-b0.2.rddl,FullILP,1,1
S,3,0.3,full-ilp,1,2023,ok,8.155624999999999,6.073949370998889,0.14501150390625,optimal,6408.0,,8010.0,6408.0,1603.0,1,1000,0.136,4.601041597277273,0.005551640230929479,policies/darp-s-h3-d0p3-full-ilp-trial01.json,,grid-5x5-h3-d1-r1-b0.3,90661eba43f480ef0bde753c8be923910ca68a573df6a7c77b36cb0807a85bfe,benchmarks/grid/stochastic-duration/domain.rddl,benchmarks/grid/stochastic-duration/grid-5x5-h3-d1-r1-b0.3.rddl,FullILP,1,1
S,4,0.1,full-ilp,1,2023,ok,10.26489840341797,87.7670291820541,0.09860594311523439,optimal,65552.0,,81940.0,65552.0,16389.0,1,1000,0.096,5.0069954404986134,0.008052497018128633,policies/darp-s-h4-d0p1-full-ilp-trial01.json,,grid-5x5-h4-d1-r1-b0.1,2c73fde07fedf2e0596654a2f45c2d13687d36f1fa23dfad21bc20118f073254,benchmarks/grid/stochastic-duration/domain.rddl,benchmarks/grid/stochastic-duration/grid-5x5-h4-d1-r1-b0.1.rddl,FullILP,1,1
S,4,0.2,full-ilp,1,2023,ok,8.160682259521483,89.0597322860267,0.15374998809814455,optimal,65552.0,,81940.0,65552.0,16389.0,1,1000,0.162,4.795560585647576,0.00567991925496608,policies/darp-s-h4-d0p2-full-ilp-trial01.json,,grid-5x5-h4-d1-r1-b0.2,55dd0b71808f3bf4e9f2a0082ea6b336343714c2a1b82f1a28d6e6078e7b06df,benchmarks/grid/stochastic-duration/domain.rddl,benchmarks/grid/stochastic-duration/grid-5x5-h4-d1-r1-b0.2.rddl,FullILP,1,1
S,4,0.3,full-ilp,1,2023,ok,8.160682259521483,86.81030526105314,0.15374998809814455,optimal,65552.0,,81940.0,65552.0,16389.0,1,1000,0.162,4.795560585647576,0.005551322293933481,policies/darp-s-h4-d0p3-full-ilp-trial01.json,,grid-5x5-h4-d1-r1-b0.3,bb1e11a194e664268eae8eb99a9dd2a73ae6a691e14985db37a6f5fafbcd0296,benchmarks/grid/stochastic-duration/domain.rddl,benchmarks/grid/stochastic-duration/grid-5x5-h4-d1-r1-b0.3.rddl,FullILP,1,1
S,5,0.1,full-ilp,1,2023,ok,10.628012313570332,1264.197577637853,0.10000022746102119,optimal,661692.0,,827115.0,661692.0,165424.0,1,1000,0.112,5.737809137735195,0.009059275664854795,policies/darp-s-h5-d0p1-full-ilp-trial01.json,,grid-5x5-h5-d1-r1-b0.1,4572efac8d445bd2bd6266b58bc6d634cfdc4444f7965c46b60af360f5cc953b,benchmarks/grid/stochastic-duration/domain.rddl,benchmarks/grid/stochastic-duration/grid-5x5-h5-d1-r1-b0.1.rddl,FullILP,1,1
S,5,0.2,full-ilp,1,2023,ok,8.241142164653624,1230.9869288010523,0.1559220785113907,optimal,661692.0,,827115.0,661692.0,165424.0,1,1000,0.147,6.009556169936164,0.007023600988090038,policies/darp-s-h5-d0p2-full-ilp-trial01.json,,grid-5x5-h5-d1-r1-b0.2,86519b3b3bbd5154265a62268f041f9775154818c7f5cb10892c2d397efa4ba0,benchmarks/grid/stochastic-duration/domain.rddl,benchmarks/grid/stochastic-duration/grid-5x5-h5-d1-r1-b0.2.rddl,FullILP,1,1
S,5,0.3,full-ilp,1,2023,ok,8.241142164653624,1233.202855466865,0.1559220785113907,optimal,661692.0,,827115.0,661692.0,165424.0,1,1000,0.147,6.009556169936164,0.006874733916018158,policies/darp-s-h5-d0p3-full-ilp-trial01.json,,grid-5x5-h5-d1-r1-b0.3,c267cd8a5a2cd70363a004c17d3ebe91556e393597b6a422e7ad534a5fa53c8c,benchmarks/grid/stochastic-duration/domain.rddl,benchmarks/grid/stochastic-duration/grid-5x5-h5-d1-r1-b0.3.rddl,FullILP,1,1
