model,horizon,delta,planner,trial,seed,status,objective,time_s,risk,solver_status,expanded_nodes,frontier_nodes,tree_nodes,ilp_variables,ilp_constraints,iterations,error,case,input_digest,domain,instance,algorithm,alpha,lambda
F,3,0.1,full-ilp,1,2023,ok,8.932312499999998,0.14848677907139063,0.08976562500000002,optimal,628.0,,785.0,628.0,158.0,1,,grid-5x5-h3-d1-r1-b0.1,2dd4c818c32f51f28cb82c2c44ed9a65eb5ae10f13481483026f20a393ef47bd,benchmarks/grid/fixed-duration/domain.rddl,benchmarks/grid/fixed-duration/grid-5x5-h3-d1-r1-b0.1.rddl,FullILP,1,1
F,3,0.2,full-ilp,1,2023,ok,8.155624999999999,0.13464439590461552,0.144375,optimal,628.0,,785.0,628.0,158.0,1,,grid-5x5-h3-d1-r1-b0.2,0c952fd7fb709ebd44038661f64d3016ca754a476eb7d971243a1a15a55c2b49,benchmarks/grid/fixed-duration/domain.rddl,benchmarks/grid/fixed-duration/grid-5x5-h3-d1-r1-b0.2.rddl,FullILP,1,1
F,3,0.3,full-ilp,1,2023,ok,8.155624999999999,0.13546862406656146,0.144375,optimal,628.0,,785.0,628.0,158.0,1,,grid-5x5-h3-d1-r1-b0.3,22e089a008c49f646205b835e0f58d5518d958d6552b2cb62930b6c89c2c9c22,benchmarks/grid/fixed-duration/domain.rddl,benchmarks/grid/fixed-duration/grid-5x5-h3-d1-r1-b0.3.rddl,FullILP,1,1
E,3,0.1,full-ilp,1,2023,ok,8.932312499999998,0.3593993871472776,0.08976562500000002,optimal,628.0,,785.0,628.0,158.0,1,,grid-5x5-h3-d1-r1-b0.1,41bfec2c852241ef42a651663134c3fb2809df6167b523c7b1c4a908bb743578,benchmarks/grid/expected-duration/domain.rddl,benchmarks/grid/expected-duration/grid-5x5-h3-d1-r1-b0.1.rddl,FullILP,1,1
E,3,0.2,full-ilp,1,2023,ok,8.155624999999999,0.359183412976563,0.144375,optimal,628.0,,785.0,628.0,158.0,1,,grid-5x5-h3-d1-r1-b0.2,63144c6e893cd37bb99e089cd334391a7adcf6cb03c37c44e1afe428c70f39e8,benchmarks/grid/expected-duration/domain.rddl,benchmarks/grid/expected-duration/grid-5x5-h3-d1-r1-b0.2.rddl,FullILP,1,1
E,3,0.3,full-ilp,1,2023,ok,8.155624999999999,0.3663053901400417,0.144375,optimal,628.0,,785.0,628.0,158.0,1,,grid-5x5-h3-d1-r1-b0.3,b34990db79c5bf54d51637fad2175d5894c1eaffbebcf1a3b3aa41ff5e114984,benchmarks/grid/expected-duration/domain.rddl,benchmarks/grid/expected-duration/grid-5x5-h3-d1-r1-b0.3.rddl,FullILP,1,1
S,3,0.1,full-ilp,1,2023,ok,9.589169282470703,5.220774061046541,0.0976468219482422,optimal,6408.0,,8010.0,6408.0,1603.0,1,,grid-5x5-h3-d1-r1-b0.1,3cb6ce47b01049755940efa1c53c6069f69e8b57e2df98c27e5a0d197723638c,benchmarks/grid/stochastic-duration/domain.rddl,benchmarks/grid/stochastic-duration/grid-5x5-h3-d1-r1-b0.1.rddl,FullILP,1,1
S,3,0.2,full-ilp,1,2023,ok,8.155624999999999,5.53706638305448,0.14501150390625,optimal,6408.0,,8010.0,6408.0,1603.0,1,,grid-5x5-h3-d1-r1-b0.2,b16b7fa0950976899cfc50640952ac91c94a08d5fbe0d946ca6963f53f3b603b,benchmarks/grid/stochastic-duration/domain.rddl,benchmarks/grid/stochastic-duration/grid-5x5-h3-d1-r1-b0.2.rddl,FullILP,1,1
S,3,0.3,full-ilp,1,2023,ok,8.155624999999999,5.494312031194568,0.14501150390625,optimal,6408.0,,8010.0,6408.0,1603.0,1,,grid-5x5-h3-d1-r1-b0.3,90661eba43f480ef0bde753c8be923910ca68a573df6a7c77b36cb0807a85bfe,benchmarks/grid/stochastic-duration/domain.rddl,benchmarks/grid/stochastic-duration/grid-5x5-h3-d1-r1-b0.3.rddl,FullILP,1,1
F,4,0.1,full-ilp,1,2023,ok,9.679810263671875,1.6902617570012808,0.09923649803466798,optimal,7540.0,,9425.0,7540.0,1886.0,1,,grid-5x5-h4-d1-r1-b0.1,1908d944b6414c2ca44181e62d668caeb6e065c3eb0a7215a35a13067ca0891d,benchmarks/grid/fixed-duration/domain.rddl,benchmarks/grid/fixed-duration/grid-5x5-h4-d1-r1-b0.1.rddl,FullILP,1,1
F,4,0.2,full-ilp,1,2023,ok,8.241031249999999,1.6642413039226085,0.15480147923583987,optimal,7540.0,,9425.0,7540.0,1886.0,1,,grid-5x5-h4-d1-r1-b0.2,48d1800adc3241e68e2bd399602b82183aded8fdacd64f217363b84eb7d178d4,benchmarks/grid/fixed-duration/domain.rddl,benchmarks/grid/fixed-duration/grid-5x5-h4-d1-r1-b0.2.rddl,FullILP,1,1
F,4,0.3,full-ilp,1,2023,ok,8.241031249999999,1.7670804159715772,0.15480147923583987,optimal,7540.0,,9425.0,7540.0,1886.0,1,,grid-5x5-h4-d1-r1-b0.3,ab6f51b97e4aebc3bc2f3935bce339d5433906f3a3580f79e8a7f1c385603898,benchmarks/grid/fixed-duration/domain.rddl,benchmarks/grid/fixed-duration/grid-5x5-h4-d1-r1-b0.3.rddl,FullILP,1,1
E,4,0.1,full-ilp,1,2023,ok,9.622721442871093,6.0798182100988925,0.09819218091430666,optimal,7256.0,,9070.0,7256.0,1815.0,1,,grid-5x5-h4-d1-r1-b0.1,5280c8d87e5153a44bedfbfecc07a081f633ab5e670a968783f2ec36caa0666a,benchmarks/grid/expected-duration/domain.rddl,benchmarks/grid/expected-duration/grid-5x5-h4-d1-r1-b0.1.rddl,FullILP,1,1
E,4,0.2,full-ilp,1,2023,ok,8.15856150048828,5.847365074791014,0.15001656584472658,optimal,7256.0,,9070.0,7256.0,1815.0,1,,grid-5x5-h4-d1-r1-b0.2,41fe917c5799a8e21b28a4f5571af35190dbcf3a946419276bb2acd37268bc81,benchmarks/grid/expected-duration/domain.rddl,benchmarks/grid/expected-duration/grid-5x5-h4-d1-r1-b0.2.rddl,FullILP,1,1
E,4,0.3,full-ilp,1,2023,ok,8.15856150048828,6.138354254886508,0.15001656584472658,optimal,7256.0,,9070.0,7256.0,1815.0,1,,grid-5x5-h4-d1-r1-b0.3,2a8dddceee006535a868e30bdf8daa1225560d524feee48fbd14bc61c3af6ef0,benchmarks/grid/expected-duration/domain.rddl,benchmarks/grid/expected-duration/grid-5x5-h4-d1-r1-b0.3.rddl,FullILP,1,1
S,4,0.1,full-ilp,1,2023,ok,10.26489840341797,81.4170660469681,0.09860594311523439,optimal,65552.0,,81940.0,65552.0,16389.0,1,,grid-5x5-h4-d1-r1-b0.1,2c73fde07fedf2e0596654a2f45c2d13687d36f1fa23dfad21bc20118f073254,benchmarks/grid/stochastic-duration/domain.rddl,benchmarks/grid/stochastic-duration/grid-5x5-h4-d1-r1-b0.1.rddl,FullILP,1,1
S,4,0.2,full-ilp,1,2023,ok,8.160682259521483,82.47830607718788,0.15374998809814455,optimal,65552.0,,81940.0,65552.0,16389.0,1,,grid-5x5-h4-d1-r1-b0.2,55dd0b71808f3bf4e9f2a0082ea6b336343714c2a1b82f1a28d6e6078e7b06df,benchmarks/grid/stochastic-duration/domain.rddl,benchmarks/grid/stochastic-duration/grid-5x5-h4-d1-r1-b0.2.rddl,FullILP,1,1
S,4,0.3,full-ilp,1,2023,ok,8.160682259521483,81.44843997596763,0.15374998809814455,optimal,65552.0,,81940.0,65552.0,16389.0,1,,grid-5x5-h4-d1-r1-b0.3,bb1e11a194e664268eae8eb99a9dd2a73ae6a691e14985db37a6f5fafbcd0296,benchmarks/grid/stochastic-duration/domain.rddl,benchmarks/grid/stochastic-duration/grid-5x5-h4-d1-r1-b0.3.rddl,FullILP,1,1
