size,horizon,delta,algorithm,trial,seed,objective,risk,time_s,n,iterations,complete,evaluation_episodes,risk_rate,physical_duration_mean,policy_execution_time_s,result_file,constrained_pomdp_commit,raostar_commit
5,3,0.1,DARP-HILP,1,2023,8.932312499999998,0.08976562500000002,0.6060985990334302,268,12,True,1000,0.086,3.0,0.00343954988499172,results/table2-raw/darp-5x5-h3-d0p1-trial01.json,d84d099493b973a63d879255d2221c1930d649aa,543f782d80ceb9555130e911c1fcf7074153d267
5,3,0.1,RAO*,1,2023,9.749686328125,0.08926781233710164,0.0796883050352335,337,40,True,,,,,,d84d099493b973a63d879255d2221c1930d649aa,543f782d80ceb9555130e911c1fcf7074153d267
5,3,0.2,DARP-HILP,1,2023,8.155624999999999,0.144375,0.04530467698350549,160,9,True,1000,0.136,3.0,0.003370904732029885,results/table2-raw/darp-5x5-h3-d0p2-trial01.json,d84d099493b973a63d879255d2221c1930d649aa,543f782d80ceb9555130e911c1fcf7074153d267
5,3,0.2,RAO*,1,2023,8.241031249999999,0.18432793332202302,0.027772514149546623,142,13,True,,,,,,d84d099493b973a63d879255d2221c1930d649aa,543f782d80ceb9555130e911c1fcf7074153d267
5,3,0.3,DARP-HILP,1,2023,8.155624999999999,0.144375,0.046040938002988696,172,9,True,1000,0.136,3.0,0.0033396352650597694,results/table2-raw/darp-5x5-h3-d0p3-trial01.json,d84d099493b973a63d879255d2221c1930d649aa,543f782d80ceb9555130e911c1fcf7074153d267
5,3,0.3,RAO*,1,2023,8.241031249999999,0.18432793332202302,0.028294833144173026,175,15,True,,,,,,d84d099493b973a63d879255d2221c1930d649aa,543f782d80ceb9555130e911c1fcf7074153d267
5,4,0.1,DARP-HILP,1,2023,9.679810263671875,0.09923649803466798,0.24126878986135125,1084,22,True,1000,0.104,4.0,0.004820045658852905,results/table2-raw/darp-5x5-h4-d0p1-trial01.json,d84d099493b973a63d879255d2221c1930d649aa,543f782d80ceb9555130e911c1fcf7074153d267
5,4,0.1,RAO*,1,2023,10.775187066467288,0.06560473067238873,0.5304837559815496,1309,135,True,,,,,,d84d099493b973a63d879255d2221c1930d649aa,543f782d80ceb9555130e911c1fcf7074153d267
5,4,0.2,DARP-HILP,1,2023,8.241031249999999,0.15480147923583987,0.13175395387224853,592,13,True,1000,0.154,4.0,0.004501599745126441,results/table2-raw/darp-5x5-h4-d0p2-trial01.json,d84d099493b973a63d879255d2221c1930d649aa,543f782d80ceb9555130e911c1fcf7074153d267
5,4,0.2,RAO*,1,2023,8.330533203125,0.1873195386398268,0.19296495406888425,550,48,True,,,,,,d84d099493b973a63d879255d2221c1930d649aa,543f782d80ceb9555130e911c1fcf7074153d267
5,4,0.3,DARP-HILP,1,2023,8.241031249999999,0.15480147923583987,0.1907327761873603,892,20,True,1000,0.154,4.0,0.004374152531148865,results/table2-raw/darp-5x5-h4-d0p3-trial01.json,d84d099493b973a63d879255d2221c1930d649aa,543f782d80ceb9555130e911c1fcf7074153d267
5,4,0.3,RAO*,1,2023,8.330533203125,0.1873195386398268,0.20929393591359258,712,60,True,,,,,,d84d099493b973a63d879255d2221c1930d649aa,543f782d80ceb9555130e911c1fcf7074153d267
5,5,0.1,DARP-HILP,1,2023,10.358017454345704,0.09444588296646883,2.4641971371602267,4504,45,True,1000,0.088,5.0,0.005647714901017025,results/table2-raw/darp-5x5-h5-d0p1-trial01.json,d84d099493b973a63d879255d2221c1930d649aa,543f782d80ceb9555130e911c1fcf7074153d267
5,5,0.1,RAO*,1,2023,11.1940493124079,0.08510887858347371,3.275751340202987,5170,470,True,,,,,,d84d099493b973a63d879255d2221c1930d649aa,543f782d80ceb9555130e911c1fcf7074153d267
5,5,0.2,DARP-HILP,1,2023,8.330533203124999,0.15553190065651704,0.6924637840129435,3004,26,True,1000,0.172,5.0,0.005334871094906703,results/table2-raw/darp-5x5-h5-d0p2-trial01.json,d84d099493b973a63d879255d2221c1930d649aa,543f782d80ceb9555130e911c1fcf7074153d267
5,5,0.2,RAO*,1,2023,8.517308228802941,0.19070231978831415,1.9977498450316489,3073,259,True,,,,,,d84d099493b973a63d879255d2221c1930d649aa,543f782d80ceb9555130e911c1fcf7074153d267
5,5,0.3,DARP-HILP,1,2023,8.330533203124999,0.15553190065651704,0.8317389551084489,3880,29,True,1000,0.172,5.0,0.005448508871020749,results/table2-raw/darp-5x5-h5-d0p3-trial01.json,d84d099493b973a63d879255d2221c1930d649aa,543f782d80ceb9555130e911c1fcf7074153d267
5,5,0.3,RAO*,1,2023,8.517308228802941,0.19070231978831415,2.7012274470180273,4228,353,True,,,,,,d84d099493b973a63d879255d2221c1930d649aa,543f782d80ceb9555130e911c1fcf7074153d267
5,6,0.1,DARP-HILP,1,2023,10.856434987909898,0.09999944835067112,10.719313269015402,13048,63,True,1000,0.097,6.0,0.006559926511952654,results/table2-raw/darp-5x5-h6-d0p1-trial01.json,d84d099493b973a63d879255d2221c1930d649aa,543f782d80ceb9555130e911c1fcf7074153d267
5,6,0.1,RAO*,1,2023,11.664317925302502,0.09879943551458453,33.62766145798378,25393,2196,True,,,,,,d84d099493b973a63d879255d2221c1930d649aa,543f782d80ceb9555130e911c1fcf7074153d267
5,6,0.2,DARP-HILP,1,2023,8.51730822880294,0.1587357693835137,7.332645217888057,17608,49,True,1000,0.156,6.0,0.006421811651904136,results/table2-raw/darp-5x5-h6-d0p2-trial01.json,d84d099493b973a63d879255d2221c1930d649aa,543f782d80ceb9555130e911c1fcf7074153d267
5,6,0.2,RAO*,1,2023,9.454810466494346,0.1920991604288611,54.24733160692267,48844,4100,True,,,,,,d84d099493b973a63d879255d2221c1930d649aa,543f782d80ceb9555130e911c1fcf7074153d267
5,6,0.3,DARP-HILP,1,2023,8.51730822880294,0.1587357693835137,15.737535959109664,31048,76,True,1000,0.156,6.0,0.00662429242907092,results/table2-raw/darp-5x5-h6-d0p3-trial01.json,d84d099493b973a63d879255d2221c1930d649aa,543f782d80ceb9555130e911c1fcf7074153d267
5,6,0.3,RAO*,1,2023,9.454810466494346,0.1920991604288611,58.760729455854744,50839,4256,True,,,,,,d84d099493b973a63d879255d2221c1930d649aa,543f782d80ceb9555130e911c1fcf7074153d267
100,3,0.1,DARP-HILP,1,2023,198.9323125,0.08976562500000002,0.0555998960044235,268,12,True,1000,0.086,3.0,0.0034118410190567376,results/table2-raw/darp-100x100-h3-d0p1-trial01.json,d84d099493b973a63d879255d2221c1930d649aa,543f782d80ceb9555130e911c1fcf7074153d267
100,3,0.1,RAO*,1,2023,199.74968632812502,0.08926781233710164,0.08232901897281408,337,40,True,,,,,,d84d099493b973a63d879255d2221c1930d649aa,543f782d80ceb9555130e911c1fcf7074153d267
100,3,0.2,DARP-HILP,1,2023,198.15562499999996,0.144375,0.04969329503364861,160,9,True,1000,0.136,3.0,0.0033347161051351577,results/table2-raw/darp-100x100-h3-d0p2-trial01.json,d84d099493b973a63d879255d2221c1930d649aa,543f782d80ceb9555130e911c1fcf7074153d267
100,3,0.2,RAO*,1,2023,198.24103124999996,0.18432793332202302,0.028648235136643052,142,13,True,,,,,,d84d099493b973a63d879255d2221c1930d649aa,543f782d80ceb9555130e911c1fcf7074153d267
100,3,0.3,DARP-HILP,1,2023,198.15562499999996,0.144375,0.04711448890157044,172,9,True,1000,0.136,3.0,0.0033892547839786858,results/table2-raw/darp-100x100-h3-d0p3-trial01.json,d84d099493b973a63d879255d2221c1930d649aa,543f782d80ceb9555130e911c1fcf7074153d267
100,3,0.3,RAO*,1,2023,198.24103124999996,0.18432793332202302,0.031163332983851433,175,15,True,,,,,,d84d099493b973a63d879255d2221c1930d649aa,543f782d80ceb9555130e911c1fcf7074153d267
100,4,0.1,DARP-HILP,1,2023,199.67981026367187,0.09923649803466798,0.2642541639506817,1084,22,True,1000,0.104,4.0,0.004801315777003765,results/table2-raw/darp-100x100-h4-d0p1-trial01.json,d84d099493b973a63d879255d2221c1930d649aa,543f782d80ceb9555130e911c1fcf7074153d267
100,4,0.1,RAO*,1,2023,200.7751870664673,0.06559997196793885,0.5119066629558802,1309,135,True,,,,,,d84d099493b973a63d879255d2221c1930d649aa,543f782d80ceb9555130e911c1fcf7074153d267
100,4,0.2,DARP-HILP,1,2023,198.24103125,0.15480147923583987,0.1265730180311948,592,13,True,1000,0.154,4.0,0.004513446033000946,results/table2-raw/darp-100x100-h4-d0p2-trial01.json,d84d099493b973a63d879255d2221c1930d649aa,543f782d80ceb9555130e911c1fcf7074153d267
100,4,0.2,RAO*,1,2023,198.33053320312501,0.18731641136628063,0.2026058218907565,550,48,True,,,,,,d84d099493b973a63d879255d2221c1930d649aa,543f782d80ceb9555130e911c1fcf7074153d267
100,4,0.3,DARP-HILP,1,2023,198.24103125,0.15480147923583987,0.21160329412668943,892,20,True,1000,0.154,4.0,0.004380082331132144,results/table2-raw/darp-100x100-h4-d0p3-trial01.json,d84d099493b973a63d879255d2221c1930d649aa,543f782d80ceb9555130e911c1fcf7074153d267
100,4,0.3,RAO*,1,2023,198.33053320312501,0.18731641136628063,0.2156804110854864,712,60,True,,,,,,d84d099493b973a63d879255d2221c1930d649aa,543f782d80ceb9555130e911c1fcf7074153d267
100,5,0.1,DARP-HILP,1,2023,200.3580174543457,0.09444588296646883,2.5038363728672266,4504,45,True,1000,0.088,5.0,0.005370333383092657,results/table2-raw/darp-100x100-h5-d0p1-trial01.json,d84d099493b973a63d879255d2221c1930d649aa,543f782d80ceb9555130e911c1fcf7074153d267
100,5,0.1,RAO*,1,2023,201.18391465950282,0.08422271686428381,3.167515022912994,4978,455,True,,,,,,d84d099493b973a63d879255d2221c1930d649aa,543f782d80ceb9555130e911c1fcf7074153d267
100,5,0.2,DARP-HILP,1,2023,198.330533203125,0.15553190065651704,0.7608036589808762,2980,26,True,1000,0.172,5.0,0.005232170635834336,results/table2-raw/darp-100x100-h5-d0p2-trial01.json,d84d099493b973a63d879255d2221c1930d649aa,543f782d80ceb9555130e911c1fcf7074153d267
100,5,0.2,RAO*,1,2023,198.42357029296878,0.1877289628116954,1.4408516769763082,2104,178,True,,,,,,d84d099493b973a63d879255d2221c1930d649aa,543f782d80ceb9555130e911c1fcf7074153d267
100,5,0.3,DARP-HILP,1,2023,198.330533203125,0.15553190065651704,0.8525627229828387,3880,29,True,1000,0.172,5.0,0.00518974498519674,results/table2-raw/darp-100x100-h5-d0p3-trial01.json,d84d099493b973a63d879255d2221c1930d649aa,543f782d80ceb9555130e911c1fcf7074153d267
100,5,0.3,RAO*,1,2023,198.42357029296878,0.1877289628116954,1.7449212200008333,2704,226,True,,,,,,d84d099493b973a63d879255d2221c1930d649aa,543f782d80ceb9555130e911c1fcf7074153d267
100,6,0.1,DARP-HILP,1,2023,200.85227121724495,0.10000091638022666,6.858664258150384,12172,54,True,1000,0.098,6.0,0.006282154956134036,results/table2-raw/darp-100x100-h6-d0p1-trial01.json,d84d099493b973a63d879255d2221c1930d649aa,543f782d80ceb9555130e911c1fcf7074153d267
100,6,0.1,RAO*,1,2023,201.62587874839147,0.09973447003413732,22.403340594144538,15550,1334,True,,,,,,d84d099493b973a63d879255d2221c1930d649aa,543f782d80ceb9555130e911c1fcf7074153d267
100,6,0.2,DARP-HILP,1,2023,198.42357029296872,0.16080297653519335,3.8184695011004806,13864,39,True,1000,0.161,6.0,0.006606834220001474,results/table2-raw/darp-100x100-h6-d0p2-trial01.json,d84d099493b973a63d879255d2221c1930d649aa,543f782d80ceb9555130e911c1fcf7074153d267
100,6,0.2,RAO*,1,2023,199.3485702929687,0.19028315627130452,36.77278114203364,28735,2419,True,,,,,,d84d099493b973a63d879255d2221c1930d649aa,543f782d80ceb9555130e911c1fcf7074153d267
100,6,0.3,DARP-HILP,1,2023,198.42357029296872,0.16080297653519335,6.122789422981441,17260,53,True,1000,0.161,6.0,0.006369846204062924,results/table2-raw/darp-100x100-h6-d0p3-trial01.json,d84d099493b973a63d879255d2221c1930d649aa,543f782d80ceb9555130e911c1fcf7074153d267
100,6,0.3,RAO*,1,2023,198.80460058387246,0.2999992191653617,12.678195350104943,7477,638,True,,,,,,d84d099493b973a63d879255d2221c1930d649aa,543f782d80ceb9555130e911c1fcf7074153d267
