size,horizon,delta,algorithm,trial,seed,objective,risk,time_s,n,iterations,complete,evaluation_episodes,risk_rate,physical_duration_mean,policy_execution_time_s,result_file,constrained_pomdp_commit,raostar_commit,case,input_digest,domain,instance,alpha,lambda,status
5,3,0.1,RAOstar,1,2023,9.749686328125,0.08926781233710164,0.0796883050352335,337,40,True,,,,,,d84d099493b973a63d879255d2221c1930d649aa,543f782d80ceb9555130e911c1fcf7074153d267,grid-5x5-h3-d1-r1-b0.1,2dd4c818c32f51f28cb82c2c44ed9a65eb5ae10f13481483026f20a393ef47bd,benchmarks/grid/fixed-duration/domain.rddl,benchmarks/grid/fixed-duration/grid-5x5-h3-d1-r1-b0.1.rddl,1,1,ok
5,3,0.2,RAOstar,1,2023,8.241031249999999,0.18432793332202302,0.027772514149546623,142,13,True,,,,,,d84d099493b973a63d879255d2221c1930d649aa,543f782d80ceb9555130e911c1fcf7074153d267,grid-5x5-h3-d1-r1-b0.2,0c952fd7fb709ebd44038661f64d3016ca754a476eb7d971243a1a15a55c2b49,benchmarks/grid/fixed-duration/domain.rddl,benchmarks/grid/fixed-duration/grid-5x5-h3-d1-r1-b0.2.rddl,1,1,ok
5,3,0.3,RAOstar,1,2023,8.241031249999999,0.18432793332202302,0.028294833144173026,175,15,True,,,,,,d84d099493b973a63d879255d2221c1930d649aa,543f782d80ceb9555130e911c1fcf7074153d267,grid-5x5-h3-d1-r1-b0.3,22e089a008c49f646205b835e0f58d5518d958d6552b2cb62930b6c89c2c9c22,benchmarks/grid/fixed-duration/domain.rddl,benchmarks/grid/fixed-duration/grid-5x5-h3-d1-r1-b0.3.rddl,1,1,ok
5,4,0.1,RAOstar,1,2023,10.775187066467288,0.06560473067238873,0.5304837559815496,1309,135,True,,,,,,d84d099493b973a63d879255d2221c1930d649aa,543f782d80ceb9555130e911c1fcf7074153d267,grid-5x5-h4-d1-r1-b0.1,1908d944b6414c2ca44181e62d668caeb6e065c3eb0a7215a35a13067ca0891d,benchmarks/grid/fixed-duration/domain.rddl,benchmarks/grid/fixed-duration/grid-5x5-h4-d1-r1-b0.1.rddl,1,1,ok
5,4,0.2,RAOstar,1,2023,8.330533203125,0.1873195386398268,0.19296495406888425,550,48,True,,,,,,d84d099493b973a63d879255d2221c1930d649aa,543f782d80ceb9555130e911c1fcf7074153d267,grid-5x5-h4-d1-r1-b0.2,48d1800adc3241e68e2bd399602b82183aded8fdacd64f217363b84eb7d178d4,benchmarks/grid/fixed-duration/domain.rddl,benchmarks/grid/fixed-duration/grid-5x5-h4-d1-r1-b0.2.rddl,1,1,ok
5,4,0.3,RAOstar,1,2023,8.330533203125,0.1873195386398268,0.20929393591359258,712,60,True,,,,,,d84d099493b973a63d879255d2221c1930d649aa,543f782d80ceb9555130e911c1fcf7074153d267,grid-5x5-h4-d1-r1-b0.3,ab6f51b97e4aebc3bc2f3935bce339d5433906f3a3580f79e8a7f1c385603898,benchmarks/grid/fixed-duration/domain.rddl,benchmarks/grid/fixed-duration/grid-5x5-h4-d1-r1-b0.3.rddl,1,1,ok
5,5,0.1,RAOstar,1,2023,11.1940493124079,0.08510887858347371,3.275751340202987,5170,470,True,,,,,,d84d099493b973a63d879255d2221c1930d649aa,543f782d80ceb9555130e911c1fcf7074153d267,grid-5x5-h5-d1-r1-b0.1,c2782ac2130146505c431b6d79606db6ec0d93d61eafd747313eeaa42908d059,benchmarks/grid/fixed-duration/domain.rddl,benchmarks/grid/fixed-duration/grid-5x5-h5-d1-r1-b0.1.rddl,1,1,ok
5,5,0.2,RAOstar,1,2023,8.517308228802941,0.19070231978831415,1.9977498450316489,3073,259,True,,,,,,d84d099493b973a63d879255d2221c1930d649aa,543f782d80ceb9555130e911c1fcf7074153d267,grid-5x5-h5-d1-r1-b0.2,f3d6fa15df4240a746e6ac4eff341a7504eaa7cc09751818ef06e89040b79377,benchmarks/grid/fixed-duration/domain.rddl,benchmarks/grid/fixed-duration/grid-5x5-h5-d1-r1-b0.2.rddl,1,1,ok
5,5,0.3,RAOstar,1,2023,8.517308228802941,0.19070231978831415,2.7012274470180273,4228,353,True,,,,,,d84d099493b973a63d879255d2221c1930d649aa,543f782d80ceb9555130e911c1fcf7074153d267,grid-5x5-h5-d1-r1-b0.3,87a1da684d35b9dd9860156eecec31919adf2d9eaed7d0d48966428aad4cd464,benchmarks/grid/fixed-duration/domain.rddl,benchmarks/grid/fixed-duration/grid-5x5-h5-d1-r1-b0.3.rddl,1,1,ok
5,6,0.1,RAOstar,1,2023,11.664317925302502,0.09879943551458453,33.62766145798378,25393,2196,True,,,,,,d84d099493b973a63d879255d2221c1930d649aa,543f782d80ceb9555130e911c1fcf7074153d267,grid-5x5-h6-d1-r1-b0.1,959c4626f1c8703f136037c5a817d95e59bc4a493656f584d55dcaf308815f3a,benchmarks/grid/fixed-duration/domain.rddl,benchmarks/grid/fixed-duration/grid-5x5-h6-d1-r1-b0.1.rddl,1,1,ok
5,6,0.2,RAOstar,1,2023,9.454810466494346,0.1920991604288611,54.24733160692267,48844,4100,True,,,,,,d84d099493b973a63d879255d2221c1930d649aa,543f782d80ceb9555130e911c1fcf7074153d267,grid-5x5-h6-d1-r1-b0.2,f435a050ed6c57225ff670ff2792667af22e08597cb613b317d984872c88ddcb,benchmarks/grid/fixed-duration/domain.rddl,benchmarks/grid/fixed-duration/grid-5x5-h6-d1-r1-b0.2.rddl,1,1,ok
5,6,0.3,RAOstar,1,2023,9.454810466494346,0.1920991604288611,58.760729455854744,50839,4256,True,,,,,,d84d099493b973a63d879255d2221c1930d649aa,543f782d80ceb9555130e911c1fcf7074153d267,grid-5x5-h6-d1-r1-b0.3,db66b6a1fb137e99afaae553a2b707a4a34e4e9fead656cb8f29b02085bdea0d,benchmarks/grid/fixed-duration/domain.rddl,benchmarks/grid/fixed-duration/grid-5x5-h6-d1-r1-b0.3.rddl,1,1,ok
100,3,0.1,RAOstar,1,2023,199.74968632812502,0.08926781233710164,0.08232901897281408,337,40,True,,,,,,d84d099493b973a63d879255d2221c1930d649aa,543f782d80ceb9555130e911c1fcf7074153d267,grid-100x100-h3-d1-r1-b0.1,e7b5e078af983ad6f47d645291ad2e5c7cd7305be73b248d29073906c80157df,benchmarks/grid/fixed-duration/domain.rddl,benchmarks/grid/fixed-duration/grid-100x100-h3-d1-r1-b0.1.rddl,1,1,ok
100,3,0.2,RAOstar,1,2023,198.24103124999996,0.18432793332202302,0.028648235136643052,142,13,True,,,,,,d84d099493b973a63d879255d2221c1930d649aa,543f782d80ceb9555130e911c1fcf7074153d267,grid-100x100-h3-d1-r1-b0.2,8d19c9785f17d3478014f39bf5866c2cce0659476a9b8f4c05c10e65bf507861,benchmarks/grid/fixed-duration/domain.rddl,benchmarks/grid/fixed-duration/grid-100x100-h3-d1-r1-b0.2.rddl,1,1,ok
100,3,0.3,RAOstar,1,2023,198.24103124999996,0.18432793332202302,0.031163332983851433,175,15,True,,,,,,d84d099493b973a63d879255d2221c1930d649aa,543f782d80ceb9555130e911c1fcf7074153d267,grid-100x100-h3-d1-r1-b0.3,8d7ff3af4203e00b0d3ca0d34d16dcfd62f3fdea52057e1df95db68d3531deb7,benchmarks/grid/fixed-duration/domain.rddl,benchmarks/grid/fixed-duration/grid-100x100-h3-d1-r1-b0.3.rddl,1,1,ok
100,4,0.1,RAOstar,1,2023,200.7751870664673,0.06559997196793885,0.5119066629558802,1309,135,True,,,,,,d84d099493b973a63d879255d2221c1930d649aa,543f782d80ceb9555130e911c1fcf7074153d267,grid-100x100-h4-d1-r1-b0.1,68837195a7e209a526f0309429f8f6fb6b7812825ed3cba775dcdaa08b3aa067,benchmarks/grid/fixed-duration/domain.rddl,benchmarks/grid/fixed-duration/grid-100x100-h4-d1-r1-b0.1.rddl,1,1,ok
100,4,0.2,RAOstar,1,2023,198.33053320312501,0.18731641136628063,0.2026058218907565,550,48,True,,,,,,d84d099493b973a63d879255d2221c1930d649aa,543f782d80ceb9555130e911c1fcf7074153d267,grid-100x100-h4-d1-r1-b0.2,a9784bbc6f85d2536d4912ddf3728addd97302a51e84e033320ec787d5b114b7,benchmarks/grid/fixed-duration/domain.rddl,benchmarks/grid/fixed-duration/grid-100x100-h4-d1-r1-b0.2.rddl,1,1,ok
100,4,0.3,RAOstar,1,2023,198.33053320312501,0.18731641136628063,0.2156804110854864,712,60,True,,,,,,d84d099493b973a63d879255d2221c1930d649aa,543f782d80ceb9555130e911c1fcf7074153d267,grid-100x100-h4-d1-r1-b0.3,b30c14420396edc8d81b69155512458a131dd8c4e5b0898038f77b8befd824c7,benchmarks/grid/fixed-duration/domain.rddl,benchmarks/grid/fixed-duration/grid-100x100-h4-d1-r1-b0.3.rddl,1,1,ok
100,5,0.1,RAOstar,1,2023,201.18391465950282,0.08422271686428381,3.167515022912994,4978,455,True,,,,,,d84d099493b973a63d879255d2221c1930d649aa,543f782d80ceb9555130e911c1fcf7074153d267,grid-100x100-h5-d1-r1-b0.1,d32cfe0f1c70979bdeda736bced0cc69d18fdf26a69cbe3f45355bd53da6643f,benchmarks/grid/fixed-duration/domain.rddl,benchmarks/grid/fixed-duration/grid-100x100-h5-d1-r1-b0.1.rddl,1,1,ok
100,5,0.2,RAOstar,1,2023,198.42357029296878,0.1877289628116954,1.4408516769763082,2104,178,True,,,,,,d84d099493b973a63d879255d2221c1930d649aa,543f782d80ceb9555130e911c1fcf7074153d267,grid-100x100-h5-d1-r1-b0.2,596c7bb3edf18336bbddbc87f66807023abd0e8d3abb2f7784bcc0a7a6a0b704,benchmarks/grid/fixed-duration/domain.rddl,benchmarks/grid/fixed-duration/grid-100x100-h5-d1-r1-b0.2.rddl,1,1,ok
100,5,0.3,RAOstar,1,2023,198.42357029296878,0.1877289628116954,1.7449212200008333,2704,226,True,,,,,,d84d099493b973a63d879255d2221c1930d649aa,543f782d80ceb9555130e911c1fcf7074153d267,grid-100x100-h5-d1-r1-b0.3,6b3e7e4e9d43cf7a1b4cb5b82583d805f7672195c74d6e67da3060e3eecd63ae,benchmarks/grid/fixed-duration/domain.rddl,benchmarks/grid/fixed-duration/grid-100x100-h5-d1-r1-b0.3.rddl,1,1,ok
100,6,0.1,RAOstar,1,2023,201.62587874839147,0.09973447003413732,22.403340594144538,15550,1334,True,,,,,,d84d099493b973a63d879255d2221c1930d649aa,543f782d80ceb9555130e911c1fcf7074153d267,grid-100x100-h6-d1-r1-b0.1,9d14c8a6ddf8e7476e0a1499611216761964933508025083f4cbb88ea5cda8c8,benchmarks/grid/fixed-duration/domain.rddl,benchmarks/grid/fixed-duration/grid-100x100-h6-d1-r1-b0.1.rddl,1,1,ok
100,6,0.2,RAOstar,1,2023,199.3485702929687,0.19028315627130452,36.77278114203364,28735,2419,True,,,,,,d84d099493b973a63d879255d2221c1930d649aa,543f782d80ceb9555130e911c1fcf7074153d267,grid-100x100-h6-d1-r1-b0.2,91918929407bfc0c723fc3b8d1296f8f3b96028f1826a3ee39b74e8fc3aa4c59,benchmarks/grid/fixed-duration/domain.rddl,benchmarks/grid/fixed-duration/grid-100x100-h6-d1-r1-b0.2.rddl,1,1,ok
100,6,0.3,RAOstar,1,2023,198.80460058387246,0.2999992191653617,12.678195350104943,7477,638,True,,,,,,d84d099493b973a63d879255d2221c1930d649aa,543f782d80ceb9555130e911c1fcf7074153d267,grid-100x100-h6-d1-r1-b0.3,d0277a055245d6e3a7ef521aa3210ea3825677b0e7e40ff42792b1c14dfc57d3,benchmarks/grid/fixed-duration/domain.rddl,benchmarks/grid/fixed-duration/grid-100x100-h6-d1-r1-b0.3.rddl,1,1,ok
