version,size,horizon,delta,trial,seed,method,alpha,lambda,timeout_s,status,objective,risk,time_s,complete,histories,rank_filter_ms,gurobi_model_update_ms,gurobi_optimize_ms,rank_fallbacks,ilp_variables,full_partial_ilp_variables,partial_ilp_solves,ilp_e_sent_total,ilp_e_full_total,ilp_f_sent_total,ilp_f_full_total,episodes,risk_rate,physical_duration_mean,rollout_time_s,result_file,error,case,input_digest,domain,instance,algorithm
bottom-up-retention-v2,5,3,0.1,1,2023,HILP,1.0,1.0,120.0,ok,8.9323125,0.08976562500000002,0.04761425906326622,True,268.0,0.0,3.5148351453244686,7.059149676933885,0.0,268.0,268.0,12.0,149.0,149.0,1363.0,1363.0,1000,0.086,3.0,3.5504137199604884,policies/HILP-5-h3-d0.1-a1-l1.json,,grid-5x5-h3-d1-r1-b0.1,2dd4c818c32f51f28cb82c2c44ed9a65eb5ae10f13481483026f20a393ef47bd,benchmarks/grid/fixed-duration/domain.rddl,benchmarks/grid/fixed-duration/grid-5x5-h3-d1-r1-b0.1.rddl,HILP
bottom-up-retention-v2,5,3,0.1,2,2023,HILP,1.0,1.0,120.0,ok,8.9323125,0.08976562500000002,0.04867974005173892,True,268.0,0.0,3.9738492341712117,6.9790350971743464,0.0,268.0,268.0,12.0,149.0,149.0,1363.0,1363.0,,,,,,,grid-5x5-h3-d1-r1-b0.1,2dd4c818c32f51f28cb82c2c44ed9a65eb5ae10f13481483026f20a393ef47bd,benchmarks/grid/fixed-duration/domain.rddl,benchmarks/grid/fixed-duration/grid-5x5-h3-d1-r1-b0.1.rddl,HILP
bottom-up-retention-v2,5,3,0.1,3,2023,HILP,1.0,1.0,120.0,ok,8.9323125,0.08976562500000002,0.07572888303548098,True,268.0,0.0,6.575803039595485,10.318167973309755,0.0,268.0,268.0,12.0,149.0,149.0,1363.0,1363.0,,,,,,,grid-5x5-h3-d1-r1-b0.1,2dd4c818c32f51f28cb82c2c44ed9a65eb5ae10f13481483026f20a393ef47bd,benchmarks/grid/fixed-duration/domain.rddl,benchmarks/grid/fixed-duration/grid-5x5-h3-d1-r1-b0.1.rddl,HILP
bottom-up-retention-v2,5,3,0.2,1,2023,HILP,1.0,1.0,120.0,ok,8.155624999999999,0.144375,0.04070312902331352,True,160.0,0.0,2.093650749884546,3.860286087729037,0.0,160.0,160.0,9.0,74.0,74.0,670.0,670.0,1000,0.136,3.0,3.3683098379988223,policies/HILP-5-h3-d0.2-a1-l1.json,,grid-5x5-h3-d1-r1-b0.2,0c952fd7fb709ebd44038661f64d3016ca754a476eb7d971243a1a15a55c2b49,benchmarks/grid/fixed-duration/domain.rddl,benchmarks/grid/fixed-duration/grid-5x5-h3-d1-r1-b0.2.rddl,HILP
bottom-up-retention-v2,5,3,0.2,2,2023,HILP,1.0,1.0,120.0,ok,8.155624999999999,0.144375,0.04015341110061854,True,160.0,0.0,2.173423650674522,3.8646251196041703,0.0,160.0,160.0,9.0,74.0,74.0,670.0,670.0,,,,,,,grid-5x5-h3-d1-r1-b0.2,0c952fd7fb709ebd44038661f64d3016ca754a476eb7d971243a1a15a55c2b49,benchmarks/grid/fixed-duration/domain.rddl,benchmarks/grid/fixed-duration/grid-5x5-h3-d1-r1-b0.2.rddl,HILP
bottom-up-retention-v2,5,3,0.2,3,2023,HILP,1.0,1.0,120.0,ok,8.155624999999999,0.144375,0.03926824708469212,True,160.0,0.0,2.0354390144348145,3.8225570460781455,0.0,160.0,160.0,9.0,74.0,74.0,670.0,670.0,,,,,,,grid-5x5-h3-d1-r1-b0.2,0c952fd7fb709ebd44038661f64d3016ca754a476eb7d971243a1a15a55c2b49,benchmarks/grid/fixed-duration/domain.rddl,benchmarks/grid/fixed-duration/grid-5x5-h3-d1-r1-b0.2.rddl,HILP
bottom-up-retention-v2,5,3,0.3,1,2023,HILP,1.0,1.0,120.0,ok,8.155624999999999,0.144375,0.04124733991920948,True,172.0,0.0,2.352833980694413,3.864806960336864,0.0,172.0,172.0,9.0,73.0,73.0,695.0,695.0,1000,0.136,3.0,3.384434044943191,policies/HILP-5-h3-d0.3-a1-l1.json,,grid-5x5-h3-d1-r1-b0.3,22e089a008c49f646205b835e0f58d5518d958d6552b2cb62930b6c89c2c9c22,benchmarks/grid/fixed-duration/domain.rddl,benchmarks/grid/fixed-duration/grid-5x5-h3-d1-r1-b0.3.rddl,HILP
bottom-up-retention-v2,5,3,0.3,2,2023,HILP,1.0,1.0,120.0,ok,8.155624999999999,0.144375,0.0406115329824388,True,172.0,0.0,2.230081125162542,3.7453079130500555,0.0,172.0,172.0,9.0,73.0,73.0,695.0,695.0,,,,,,,grid-5x5-h3-d1-r1-b0.3,22e089a008c49f646205b835e0f58d5518d958d6552b2cb62930b6c89c2c9c22,benchmarks/grid/fixed-duration/domain.rddl,benchmarks/grid/fixed-duration/grid-5x5-h3-d1-r1-b0.3.rddl,HILP
bottom-up-retention-v2,5,3,0.3,3,2023,HILP,1.0,1.0,120.0,ok,8.155624999999999,0.144375,0.04071536590345204,True,172.0,0.0,2.2682211128994823,3.8154780631884933,0.0,172.0,172.0,9.0,73.0,73.0,695.0,695.0,,,,,,,grid-5x5-h3-d1-r1-b0.3,22e089a008c49f646205b835e0f58d5518d958d6552b2cb62930b6c89c2c9c22,benchmarks/grid/fixed-duration/domain.rddl,benchmarks/grid/fixed-duration/grid-5x5-h3-d1-r1-b0.3.rddl,HILP
bottom-up-retention-v2,5,4,0.1,1,2023,HILP,1.0,1.0,120.0,ok,9.679810263671875,0.09923649803466798,0.18892202002462,True,1084.0,0.0,13.28705030027777,52.649092860519886,0.0,1084.0,1084.0,22.0,1069.0,1069.0,9327.0,9327.0,1000,0.104,4.0,4.580025566043332,policies/HILP-5-h4-d0.1-a1-l1.json,,grid-5x5-h4-d1-r1-b0.1,1908d944b6414c2ca44181e62d668caeb6e065c3eb0a7215a35a13067ca0891d,benchmarks/grid/fixed-duration/domain.rddl,benchmarks/grid/fixed-duration/grid-5x5-h4-d1-r1-b0.1.rddl,HILP
bottom-up-retention-v2,5,4,0.1,2,2023,HILP,1.0,1.0,120.0,ok,9.679810263671875,0.09923649803466798,0.2101575939450413,True,1084.0,0.0,13.838433660566807,54.2555347783491,0.0,1084.0,1084.0,22.0,1069.0,1069.0,9327.0,9327.0,,,,,,,grid-5x5-h4-d1-r1-b0.1,1908d944b6414c2ca44181e62d668caeb6e065c3eb0a7215a35a13067ca0891d,benchmarks/grid/fixed-duration/domain.rddl,benchmarks/grid/fixed-duration/grid-5x5-h4-d1-r1-b0.1.rddl,HILP
bottom-up-retention-v2,5,4,0.1,3,2023,HILP,1.0,1.0,120.0,ok,9.679810263671875,0.09923649803466798,0.19370643293950707,True,1084.0,0.0,13.974235276691616,53.18375874776393,0.0,1084.0,1084.0,22.0,1069.0,1069.0,9327.0,9327.0,,,,,,,grid-5x5-h4-d1-r1-b0.1,1908d944b6414c2ca44181e62d668caeb6e065c3eb0a7215a35a13067ca0891d,benchmarks/grid/fixed-duration/domain.rddl,benchmarks/grid/fixed-duration/grid-5x5-h4-d1-r1-b0.1.rddl,HILP
bottom-up-retention-v2,5,4,0.2,1,2023,HILP,1.0,1.0,120.0,ok,8.241031249999999,0.15480147923583987,0.11359809304121882,True,592.0,0.0,6.914673023857176,14.39039409160614,0.0,592.0,592.0,13.0,314.0,314.0,2786.0,2786.0,1000,0.154,4.0,4.456072121975012,policies/HILP-5-h4-d0.2-a1-l1.json,,grid-5x5-h4-d1-r1-b0.2,48d1800adc3241e68e2bd399602b82183aded8fdacd64f217363b84eb7d178d4,benchmarks/grid/fixed-duration/domain.rddl,benchmarks/grid/fixed-duration/grid-5x5-h4-d1-r1-b0.2.rddl,HILP
bottom-up-retention-v2,5,4,0.2,2,2023,HILP,1.0,1.0,120.0,ok,8.241031249999999,0.15480147923583987,0.11070350406225771,True,592.0,0.0,6.738428259268403,13.767329743131995,0.0,592.0,592.0,13.0,314.0,314.0,2786.0,2786.0,,,,,,,grid-5x5-h4-d1-r1-b0.2,48d1800adc3241e68e2bd399602b82183aded8fdacd64f217363b84eb7d178d4,benchmarks/grid/fixed-duration/domain.rddl,benchmarks/grid/fixed-duration/grid-5x5-h4-d1-r1-b0.2.rddl,HILP
bottom-up-retention-v2,5,4,0.2,3,2023,HILP,1.0,1.0,120.0,ok,8.241031249999999,0.15480147923583987,0.11047692992724478,True,592.0,0.0,7.123861229047179,13.262966996990144,0.0,592.0,592.0,13.0,314.0,314.0,2786.0,2786.0,,,,,,,grid-5x5-h4-d1-r1-b0.2,48d1800adc3241e68e2bd399602b82183aded8fdacd64f217363b84eb7d178d4,benchmarks/grid/fixed-duration/domain.rddl,benchmarks/grid/fixed-duration/grid-5x5-h4-d1-r1-b0.2.rddl,HILP
bottom-up-retention-v2,5,4,0.3,1,2023,HILP,1.0,1.0,120.0,ok,8.241031249999999,0.15480147923583987,0.14811502792872488,True,892.0,0.0,10.661482461728156,26.895057992078364,0.0,892.0,892.0,20.0,902.0,902.0,7734.0,7734.0,1000,0.154,4.0,4.295659536961466,policies/HILP-5-h4-d0.3-a1-l1.json,,grid-5x5-h4-d1-r1-b0.3,ab6f51b97e4aebc3bc2f3935bce339d5433906f3a3580f79e8a7f1c385603898,benchmarks/grid/fixed-duration/domain.rddl,benchmarks/grid/fixed-duration/grid-5x5-h4-d1-r1-b0.3.rddl,HILP
bottom-up-retention-v2,5,4,0.3,2,2023,HILP,1.0,1.0,120.0,ok,8.241031249999999,0.15480147923583987,0.154137177974917,True,892.0,0.0,11.41663989983499,27.919734944589436,0.0,892.0,892.0,20.0,902.0,902.0,7734.0,7734.0,,,,,,,grid-5x5-h4-d1-r1-b0.3,ab6f51b97e4aebc3bc2f3935bce339d5433906f3a3580f79e8a7f1c385603898,benchmarks/grid/fixed-duration/domain.rddl,benchmarks/grid/fixed-duration/grid-5x5-h4-d1-r1-b0.3.rddl,HILP
bottom-up-retention-v2,5,4,0.3,3,2023,HILP,1.0,1.0,120.0,ok,8.241031249999999,0.15480147923583987,0.15001878305338323,True,892.0,0.0,11.35187188629061,27.5763749377802,0.0,892.0,892.0,20.0,902.0,902.0,7734.0,7734.0,,,,,,,grid-5x5-h4-d1-r1-b0.3,ab6f51b97e4aebc3bc2f3935bce339d5433906f3a3580f79e8a7f1c385603898,benchmarks/grid/fixed-duration/domain.rddl,benchmarks/grid/fixed-duration/grid-5x5-h4-d1-r1-b0.3.rddl,HILP
bottom-up-retention-v2,5,5,0.1,1,2023,HILP,1.0,1.0,120.0,ok,10.358017454345704,0.09444588296646883,1.8223646190017462,True,4504.0,0.0,93.94649451132864,1218.7480898573995,0.0,4504.0,4504.0,45.0,10678.0,10678.0,89846.0,89846.0,1000,0.088,5.0,5.813312668004073,policies/HILP-5-h5-d0.1-a1-l1.json,,grid-5x5-h5-d1-r1-b0.1,c2782ac2130146505c431b6d79606db6ec0d93d61eafd747313eeaa42908d059,benchmarks/grid/fixed-duration/domain.rddl,benchmarks/grid/fixed-duration/grid-5x5-h5-d1-r1-b0.1.rddl,HILP
bottom-up-retention-v2,5,5,0.1,2,2023,HILP,1.0,1.0,120.0,ok,10.358017454345704,0.09444588296646883,1.8234407539712265,True,4504.0,0.0,72.17331393621862,1222.0988187473267,0.0,4504.0,4504.0,45.0,10678.0,10678.0,89846.0,89846.0,,,,,,,grid-5x5-h5-d1-r1-b0.1,c2782ac2130146505c431b6d79606db6ec0d93d61eafd747313eeaa42908d059,benchmarks/grid/fixed-duration/domain.rddl,benchmarks/grid/fixed-duration/grid-5x5-h5-d1-r1-b0.1.rddl,HILP
bottom-up-retention-v2,5,5,0.1,3,2023,HILP,1.0,1.0,120.0,ok,10.358017454345704,0.09444588296646883,1.8254700188990682,True,4504.0,0.0,75.12308785226196,1227.4637683294713,0.0,4504.0,4504.0,45.0,10678.0,10678.0,89846.0,89846.0,,,,,,,grid-5x5-h5-d1-r1-b0.1,c2782ac2130146505c431b6d79606db6ec0d93d61eafd747313eeaa42908d059,benchmarks/grid/fixed-duration/domain.rddl,benchmarks/grid/fixed-duration/grid-5x5-h5-d1-r1-b0.1.rddl,HILP
bottom-up-retention-v2,5,5,0.2,1,2023,HILP,1.0,1.0,120.0,ok,8.330533203125,0.15553190065651704,0.49857800104655325,True,3004.0,0.0,39.3985080299899,104.17391336522996,0.0,3004.0,3004.0,26.0,3774.0,3774.0,32978.0,32978.0,1000,0.172,5.0,5.522484023007564,policies/HILP-5-h5-d0.2-a1-l1.json,,grid-5x5-h5-d1-r1-b0.2,f3d6fa15df4240a746e6ac4eff341a7504eaa7cc09751818ef06e89040b79377,benchmarks/grid/fixed-duration/domain.rddl,benchmarks/grid/fixed-duration/grid-5x5-h5-d1-r1-b0.2.rddl,HILP
bottom-up-retention-v2,5,5,0.2,2,2023,HILP,1.0,1.0,120.0,ok,8.330533203125,0.15553190065651704,0.5130648210179061,True,3004.0,0.0,37.99982788041234,101.32749401964247,0.0,3004.0,3004.0,26.0,3774.0,3774.0,32978.0,32978.0,,,,,,,grid-5x5-h5-d1-r1-b0.2,f3d6fa15df4240a746e6ac4eff341a7504eaa7cc09751818ef06e89040b79377,benchmarks/grid/fixed-duration/domain.rddl,benchmarks/grid/fixed-duration/grid-5x5-h5-d1-r1-b0.2.rddl,HILP
bottom-up-retention-v2,5,5,0.2,3,2023,HILP,1.0,1.0,120.0,ok,8.330533203125,0.15553190065651704,0.4970001329202205,True,3004.0,0.0,38.26452058274299,101.90575302112848,0.0,3004.0,3004.0,26.0,3774.0,3774.0,32978.0,32978.0,,,,,,,grid-5x5-h5-d1-r1-b0.2,f3d6fa15df4240a746e6ac4eff341a7504eaa7cc09751818ef06e89040b79377,benchmarks/grid/fixed-duration/domain.rddl,benchmarks/grid/fixed-duration/grid-5x5-h5-d1-r1-b0.2.rddl,HILP
bottom-up-retention-v2,5,5,0.3,1,2023,HILP,1.0,1.0,120.0,ok,8.330533203125,0.15553190065651704,0.6163750459672883,True,3880.0,0.0,69.04207449406385,117.84677114337683,0.0,3880.0,3880.0,29.0,4517.0,4517.0,43539.0,43539.0,1000,0.172,5.0,6.002022668952122,policies/HILP-5-h5-d0.3-a1-l1.json,,grid-5x5-h5-d1-r1-b0.3,87a1da684d35b9dd9860156eecec31919adf2d9eaed7d0d48966428aad4cd464,benchmarks/grid/fixed-duration/domain.rddl,benchmarks/grid/fixed-duration/grid-5x5-h5-d1-r1-b0.3.rddl,HILP
bottom-up-retention-v2,5,5,0.3,2,2023,HILP,1.0,1.0,120.0,ok,8.330533203125,0.15553190065651704,0.748909475049004,True,3880.0,0.0,82.28889480233192,137.77367305010557,0.0,3880.0,3880.0,29.0,4517.0,4517.0,43539.0,43539.0,,,,,,,grid-5x5-h5-d1-r1-b0.3,87a1da684d35b9dd9860156eecec31919adf2d9eaed7d0d48966428aad4cd464,benchmarks/grid/fixed-duration/domain.rddl,benchmarks/grid/fixed-duration/grid-5x5-h5-d1-r1-b0.3.rddl,HILP
bottom-up-retention-v2,5,5,0.3,3,2023,HILP,1.0,1.0,120.0,ok,8.330533203125,0.15553190065651704,0.6325870599830523,True,3880.0,0.0,49.586867447942495,121.227414929308,0.0,3880.0,3880.0,29.0,4517.0,4517.0,43539.0,43539.0,,,,,,,grid-5x5-h5-d1-r1-b0.3,87a1da684d35b9dd9860156eecec31919adf2d9eaed7d0d48966428aad4cd464,benchmarks/grid/fixed-duration/domain.rddl,benchmarks/grid/fixed-duration/grid-5x5-h5-d1-r1-b0.3.rddl,HILP
bottom-up-retention-v2,5,6,0.1,1,2023,HILP,1.0,1.0,120.0,ok,10.856434987909898,0.09999944835067112,8.013870540075004,True,13048.0,0.0,254.06203628517687,5710.747425095178,0.0,13048.0,13048.0,63.0,48076.0,48076.0,371048.0,371048.0,1000,0.097,6.0,6.565740210935473,policies/HILP-5-h6-d0.1-a1-l1.json,,grid-5x5-h6-d1-r1-b0.1,959c4626f1c8703f136037c5a817d95e59bc4a493656f584d55dcaf308815f3a,benchmarks/grid/fixed-duration/domain.rddl,benchmarks/grid/fixed-duration/grid-5x5-h6-d1-r1-b0.1.rddl,HILP
bottom-up-retention-v2,5,6,0.1,2,2023,HILP,1.0,1.0,120.0,ok,10.856434987909898,0.09999944835067112,7.65369034500327,True,13048.0,0.0,254.43298241589218,5318.378096213564,0.0,13048.0,13048.0,63.0,48076.0,48076.0,371048.0,371048.0,,,,,,,grid-5x5-h6-d1-r1-b0.1,959c4626f1c8703f136037c5a817d95e59bc4a493656f584d55dcaf308815f3a,benchmarks/grid/fixed-duration/domain.rddl,benchmarks/grid/fixed-duration/grid-5x5-h6-d1-r1-b0.1.rddl,HILP
bottom-up-retention-v2,5,6,0.1,3,2023,HILP,1.0,1.0,120.0,ok,10.856434987909898,0.09999944835067112,7.602883954998106,True,13048.0,0.0,266.0049768164754,5327.491875505075,0.0,13048.0,13048.0,63.0,48076.0,48076.0,371048.0,371048.0,,,,,,,grid-5x5-h6-d1-r1-b0.1,959c4626f1c8703f136037c5a817d95e59bc4a493656f584d55dcaf308815f3a,benchmarks/grid/fixed-duration/domain.rddl,benchmarks/grid/fixed-duration/grid-5x5-h6-d1-r1-b0.1.rddl,HILP
bottom-up-retention-v2,5,6,0.2,1,2023,HILP,1.0,1.0,120.0,ok,8.51730822880294,0.1587357693835137,5.10876764007844,True,17608.0,0.0,283.8956674095243,1954.175383783877,0.0,17608.0,17608.0,49.0,41593.0,41593.0,366351.0,366351.0,1000,0.156,6.0,6.589748524012975,policies/HILP-5-h6-d0.2-a1-l1.json,,grid-5x5-h6-d1-r1-b0.2,f435a050ed6c57225ff670ff2792667af22e08597cb613b317d984872c88ddcb,benchmarks/grid/fixed-duration/domain.rddl,benchmarks/grid/fixed-duration/grid-5x5-h6-d1-r1-b0.2.rddl,HILP
bottom-up-retention-v2,5,6,0.2,2,2023,HILP,1.0,1.0,120.0,ok,8.51730822880294,0.1587357693835137,5.123371221008711,True,17608.0,0.0,284.0293294284493,1986.4163156598806,0.0,17608.0,17608.0,49.0,41593.0,41593.0,366351.0,366351.0,,,,,,,grid-5x5-h6-d1-r1-b0.2,f435a050ed6c57225ff670ff2792667af22e08597cb613b317d984872c88ddcb,benchmarks/grid/fixed-duration/domain.rddl,benchmarks/grid/fixed-duration/grid-5x5-h6-d1-r1-b0.2.rddl,HILP
bottom-up-retention-v2,5,6,0.2,3,2023,HILP,1.0,1.0,120.0,ok,8.51730822880294,0.1587357693835137,5.008943745051511,True,17608.0,0.0,269.9550987454131,1940.3428797377273,0.0,17608.0,17608.0,49.0,41593.0,41593.0,366351.0,366351.0,,,,,,,grid-5x5-h6-d1-r1-b0.2,f435a050ed6c57225ff670ff2792667af22e08597cb613b317d984872c88ddcb,benchmarks/grid/fixed-duration/domain.rddl,benchmarks/grid/fixed-duration/grid-5x5-h6-d1-r1-b0.2.rddl,HILP
bottom-up-retention-v2,5,6,0.3,1,2023,HILP,1.0,1.0,120.0,ok,8.51730822880294,0.1587357693835137,9.442462507053278,True,31048.0,0.0,639.4936189753935,2898.224438773468,0.0,31048.0,31048.0,76.0,100576.0,100576.0,1015416.0,1015416.0,1000,0.156,6.0,6.442545917001553,policies/HILP-5-h6-d0.3-a1-l1.json,,grid-5x5-h6-d1-r1-b0.3,db66b6a1fb137e99afaae553a2b707a4a34e4e9fead656cb8f29b02085bdea0d,benchmarks/grid/fixed-duration/domain.rddl,benchmarks/grid/fixed-duration/grid-5x5-h6-d1-r1-b0.3.rddl,HILP
bottom-up-retention-v2,5,6,0.3,2,2023,HILP,1.0,1.0,120.0,ok,8.51730822880294,0.1587357693835137,9.393811079091392,True,31048.0,0.0,681.1693736817688,2849.2956755217165,0.0,31048.0,31048.0,76.0,100576.0,100576.0,1015416.0,1015416.0,,,,,,,grid-5x5-h6-d1-r1-b0.3,db66b6a1fb137e99afaae553a2b707a4a34e4e9fead656cb8f29b02085bdea0d,benchmarks/grid/fixed-duration/domain.rddl,benchmarks/grid/fixed-duration/grid-5x5-h6-d1-r1-b0.3.rddl,HILP
bottom-up-retention-v2,5,6,0.3,3,2023,HILP,1.0,1.0,120.0,ok,8.51730822880294,0.1587357693835137,9.479629001929425,True,31048.0,0.0,601.8210920738056,2903.7653581472114,0.0,31048.0,31048.0,76.0,100576.0,100576.0,1015416.0,1015416.0,,,,,,,grid-5x5-h6-d1-r1-b0.3,db66b6a1fb137e99afaae553a2b707a4a34e4e9fead656cb8f29b02085bdea0d,benchmarks/grid/fixed-duration/domain.rddl,benchmarks/grid/fixed-duration/grid-5x5-h6-d1-r1-b0.3.rddl,HILP
bottom-up-retention-v2,100,3,0.1,1,2023,HILP,1.0,1.0,120.0,ok,198.9323125,0.08976562500000002,0.045508814975619316,True,268.0,0.0,3.4219848457723856,6.337792961858213,0.0,268.0,268.0,12.0,149.0,149.0,1363.0,1363.0,1000,0.086,3.0,3.42519949702546,policies/HILP-100-h3-d0.1-a1-l1.json,,grid-100x100-h3-d1-r1-b0.1,e7b5e078af983ad6f47d645291ad2e5c7cd7305be73b248d29073906c80157df,benchmarks/grid/fixed-duration/domain.rddl,benchmarks/grid/fixed-duration/grid-100x100-h3-d1-r1-b0.1.rddl,HILP
bottom-up-retention-v2,100,3,0.1,2,2023,HILP,1.0,1.0,120.0,ok,198.9323125,0.08976562500000002,0.04800599708687514,True,268.0,0.0,3.6144877085462213,7.003861246630549,0.0,268.0,268.0,12.0,149.0,149.0,1363.0,1363.0,,,,,,,grid-100x100-h3-d1-r1-b0.1,e7b5e078af983ad6f47d645291ad2e5c7cd7305be73b248d29073906c80157df,benchmarks/grid/fixed-duration/domain.rddl,benchmarks/grid/fixed-duration/grid-100x100-h3-d1-r1-b0.1.rddl,HILP
bottom-up-retention-v2,100,3,0.1,3,2023,HILP,1.0,1.0,120.0,ok,198.9323125,0.08976562500000002,0.04689776699524373,True,268.0,0.0,3.4939120523631573,6.919122184626758,0.0,268.0,268.0,12.0,149.0,149.0,1363.0,1363.0,,,,,,,grid-100x100-h3-d1-r1-b0.1,e7b5e078af983ad6f47d645291ad2e5c7cd7305be73b248d29073906c80157df,benchmarks/grid/fixed-duration/domain.rddl,benchmarks/grid/fixed-duration/grid-100x100-h3-d1-r1-b0.1.rddl,HILP
bottom-up-retention-v2,100,3,0.2,1,2023,HILP,1.0,1.0,120.0,ok,198.155625,0.144375,0.03894722508266568,True,160.0,0.0,2.245247014798224,3.835790907032788,0.0,160.0,160.0,9.0,74.0,74.0,670.0,670.0,1000,0.136,3.0,3.278224050067365,policies/HILP-100-h3-d0.2-a1-l1.json,,grid-100x100-h3-d1-r1-b0.2,8d19c9785f17d3478014f39bf5866c2cce0659476a9b8f4c05c10e65bf507861,benchmarks/grid/fixed-duration/domain.rddl,benchmarks/grid/fixed-duration/grid-100x100-h3-d1-r1-b0.2.rddl,HILP
bottom-up-retention-v2,100,3,0.2,2,2023,HILP,1.0,1.0,120.0,ok,198.155625,0.144375,0.04354428197257221,True,160.0,0.0,2.598215010948479,4.659359809011221,0.0,160.0,160.0,9.0,74.0,74.0,670.0,670.0,,,,,,,grid-100x100-h3-d1-r1-b0.2,8d19c9785f17d3478014f39bf5866c2cce0659476a9b8f4c05c10e65bf507861,benchmarks/grid/fixed-duration/domain.rddl,benchmarks/grid/fixed-duration/grid-100x100-h3-d1-r1-b0.2.rddl,HILP
bottom-up-retention-v2,100,3,0.2,3,2023,HILP,1.0,1.0,120.0,ok,198.155625,0.144375,0.043789680930785835,True,160.0,0.0,2.522994065657258,4.574820050038397,0.0,160.0,160.0,9.0,74.0,74.0,670.0,670.0,,,,,,,grid-100x100-h3-d1-r1-b0.2,8d19c9785f17d3478014f39bf5866c2cce0659476a9b8f4c05c10e65bf507861,benchmarks/grid/fixed-duration/domain.rddl,benchmarks/grid/fixed-duration/grid-100x100-h3-d1-r1-b0.2.rddl,HILP
bottom-up-retention-v2,100,3,0.3,1,2023,HILP,1.0,1.0,120.0,ok,198.155625,0.144375,0.06742649502120912,True,172.0,0.0,2.5587130803614855,4.416348063386977,0.0,172.0,172.0,9.0,73.0,73.0,695.0,695.0,1000,0.136,3.0,3.4690329680452123,policies/HILP-100-h3-d0.3-a1-l1.json,,grid-100x100-h3-d1-r1-b0.3,8d7ff3af4203e00b0d3ca0d34d16dcfd62f3fdea52057e1df95db68d3531deb7,benchmarks/grid/fixed-duration/domain.rddl,benchmarks/grid/fixed-duration/grid-100x100-h3-d1-r1-b0.3.rddl,HILP
bottom-up-retention-v2,100,3,0.3,2,2023,HILP,1.0,1.0,120.0,ok,198.155625,0.144375,0.04213915392756462,True,172.0,0.0,2.3724540369585156,4.134210990741849,0.0,172.0,172.0,9.0,73.0,73.0,695.0,695.0,,,,,,,grid-100x100-h3-d1-r1-b0.3,8d7ff3af4203e00b0d3ca0d34d16dcfd62f3fdea52057e1df95db68d3531deb7,benchmarks/grid/fixed-duration/domain.rddl,benchmarks/grid/fixed-duration/grid-100x100-h3-d1-r1-b0.3.rddl,HILP
bottom-up-retention-v2,100,3,0.3,3,2023,HILP,1.0,1.0,120.0,ok,198.155625,0.144375,0.04160188196692616,True,172.0,0.0,2.4091460509225726,4.050384857691824,0.0,172.0,172.0,9.0,73.0,73.0,695.0,695.0,,,,,,,grid-100x100-h3-d1-r1-b0.3,8d7ff3af4203e00b0d3ca0d34d16dcfd62f3fdea52057e1df95db68d3531deb7,benchmarks/grid/fixed-duration/domain.rddl,benchmarks/grid/fixed-duration/grid-100x100-h3-d1-r1-b0.3.rddl,HILP
bottom-up-retention-v2,100,4,0.1,1,2023,HILP,1.0,1.0,120.0,ok,199.67981026367184,0.09923649803466798,0.22697052301373333,True,1084.0,0.0,31.786847044713795,68.32478172145784,0.0,1084.0,1084.0,22.0,1076.0,1076.0,9332.0,9332.0,1000,0.104,4.0,4.694738265010528,policies/HILP-100-h4-d0.1-a1-l1.json,,grid-100x100-h4-d1-r1-b0.1,68837195a7e209a526f0309429f8f6fb6b7812825ed3cba775dcdaa08b3aa067,benchmarks/grid/fixed-duration/domain.rddl,benchmarks/grid/fixed-duration/grid-100x100-h4-d1-r1-b0.1.rddl,HILP
bottom-up-retention-v2,100,4,0.1,2,2023,HILP,1.0,1.0,120.0,ok,199.67981026367184,0.09923649803466798,0.22572398406919092,True,1084.0,0.0,15.114325913600624,71.01526344195008,0.0,1084.0,1084.0,22.0,1076.0,1076.0,9332.0,9332.0,,,,,,,grid-100x100-h4-d1-r1-b0.1,68837195a7e209a526f0309429f8f6fb6b7812825ed3cba775dcdaa08b3aa067,benchmarks/grid/fixed-duration/domain.rddl,benchmarks/grid/fixed-duration/grid-100x100-h4-d1-r1-b0.1.rddl,HILP
bottom-up-retention-v2,100,4,0.1,3,2023,HILP,1.0,1.0,120.0,ok,199.67981026367184,0.09923649803466798,0.21691683703102171,True,1084.0,0.0,14.971042983233929,70.63488278072327,0.0,1084.0,1084.0,22.0,1076.0,1076.0,9332.0,9332.0,,,,,,,grid-100x100-h4-d1-r1-b0.1,68837195a7e209a526f0309429f8f6fb6b7812825ed3cba775dcdaa08b3aa067,benchmarks/grid/fixed-duration/domain.rddl,benchmarks/grid/fixed-duration/grid-100x100-h4-d1-r1-b0.1.rddl,HILP
bottom-up-retention-v2,100,4,0.2,1,2023,HILP,1.0,1.0,120.0,ok,198.24103125,0.15480147923583987,0.1367332460358739,True,592.0,0.0,7.188266143202782,15.755584929138422,0.0,592.0,592.0,13.0,314.0,314.0,2786.0,2786.0,1000,0.154,4.0,4.5388899319805205,policies/HILP-100-h4-d0.2-a1-l1.json,,grid-100x100-h4-d1-r1-b0.2,a9784bbc6f85d2536d4912ddf3728addd97302a51e84e033320ec787d5b114b7,benchmarks/grid/fixed-duration/domain.rddl,benchmarks/grid/fixed-duration/grid-100x100-h4-d1-r1-b0.2.rddl,HILP
bottom-up-retention-v2,100,4,0.2,2,2023,HILP,1.0,1.0,120.0,ok,198.24103125,0.15480147923583987,0.11464849603362381,True,592.0,0.0,7.669456885196269,13.967127189971507,0.0,592.0,592.0,13.0,314.0,314.0,2786.0,2786.0,,,,,,,grid-100x100-h4-d1-r1-b0.2,a9784bbc6f85d2536d4912ddf3728addd97302a51e84e033320ec787d5b114b7,benchmarks/grid/fixed-duration/domain.rddl,benchmarks/grid/fixed-duration/grid-100x100-h4-d1-r1-b0.2.rddl,HILP
bottom-up-retention-v2,100,4,0.2,3,2023,HILP,1.0,1.0,120.0,ok,198.24103125,0.15480147923583987,0.11393826699350029,True,592.0,0.0,7.672375068068504,13.965336373075843,0.0,592.0,592.0,13.0,314.0,314.0,2786.0,2786.0,,,,,,,grid-100x100-h4-d1-r1-b0.2,a9784bbc6f85d2536d4912ddf3728addd97302a51e84e033320ec787d5b114b7,benchmarks/grid/fixed-duration/domain.rddl,benchmarks/grid/fixed-duration/grid-100x100-h4-d1-r1-b0.2.rddl,HILP
bottom-up-retention-v2,100,4,0.3,1,2023,HILP,1.0,1.0,120.0,ok,198.24103125,0.15480147923583987,0.15367962897289544,True,892.0,0.0,11.655907146632671,28.9627198362723,0.0,892.0,892.0,20.0,902.0,902.0,7734.0,7734.0,1000,0.154,4.0,4.62415880500339,policies/HILP-100-h4-d0.3-a1-l1.json,,grid-100x100-h4-d1-r1-b0.3,b30c14420396edc8d81b69155512458a131dd8c4e5b0898038f77b8befd824c7,benchmarks/grid/fixed-duration/domain.rddl,benchmarks/grid/fixed-duration/grid-100x100-h4-d1-r1-b0.3.rddl,HILP
bottom-up-retention-v2,100,4,0.3,2,2023,HILP,1.0,1.0,120.0,ok,198.24103125,0.15480147923583987,0.16377567301969975,True,892.0,0.0,11.114607215858996,26.899810880422592,0.0,892.0,892.0,20.0,902.0,902.0,7734.0,7734.0,,,,,,,grid-100x100-h4-d1-r1-b0.3,b30c14420396edc8d81b69155512458a131dd8c4e5b0898038f77b8befd824c7,benchmarks/grid/fixed-duration/domain.rddl,benchmarks/grid/fixed-duration/grid-100x100-h4-d1-r1-b0.3.rddl,HILP
bottom-up-retention-v2,100,4,0.3,3,2023,HILP,1.0,1.0,120.0,ok,198.24103125,0.15480147923583987,0.14892747404519469,True,892.0,0.0,11.154261999763548,27.27549592964351,0.0,892.0,892.0,20.0,902.0,902.0,7734.0,7734.0,,,,,,,grid-100x100-h4-d1-r1-b0.3,b30c14420396edc8d81b69155512458a131dd8c4e5b0898038f77b8befd824c7,benchmarks/grid/fixed-duration/domain.rddl,benchmarks/grid/fixed-duration/grid-100x100-h4-d1-r1-b0.3.rddl,HILP
bottom-up-retention-v2,100,5,0.1,1,2023,HILP,1.0,1.0,120.0,ok,200.35801745434574,0.09444588296646883,1.71438698109705,True,4504.0,0.0,72.11340626236051,1111.5618979092687,0.0,4504.0,4504.0,45.0,10660.0,10660.0,89648.0,89648.0,1000,0.088,5.0,5.787655535968952,policies/HILP-100-h5-d0.1-a1-l1.json,,grid-100x100-h5-d1-r1-b0.1,d32cfe0f1c70979bdeda736bced0cc69d18fdf26a69cbe3f45355bd53da6643f,benchmarks/grid/fixed-duration/domain.rddl,benchmarks/grid/fixed-duration/grid-100x100-h5-d1-r1-b0.1.rddl,HILP
bottom-up-retention-v2,100,5,0.1,2,2023,HILP,1.0,1.0,120.0,ok,200.35801745434574,0.09444588296646883,1.7286552800796926,True,4504.0,0.0,74.57027153577656,1111.235074000433,0.0,4504.0,4504.0,45.0,10660.0,10660.0,89648.0,89648.0,,,,,,,grid-100x100-h5-d1-r1-b0.1,d32cfe0f1c70979bdeda736bced0cc69d18fdf26a69cbe3f45355bd53da6643f,benchmarks/grid/fixed-duration/domain.rddl,benchmarks/grid/fixed-duration/grid-100x100-h5-d1-r1-b0.1.rddl,HILP
bottom-up-retention-v2,100,5,0.1,3,2023,HILP,1.0,1.0,120.0,ok,200.35801745434574,0.09444588296646883,1.7286323419539258,True,4504.0,0.0,74.13598184939474,1123.3924332773313,0.0,4504.0,4504.0,45.0,10660.0,10660.0,89648.0,89648.0,,,,,,,grid-100x100-h5-d1-r1-b0.1,d32cfe0f1c70979bdeda736bced0cc69d18fdf26a69cbe3f45355bd53da6643f,benchmarks/grid/fixed-duration/domain.rddl,benchmarks/grid/fixed-duration/grid-100x100-h5-d1-r1-b0.1.rddl,HILP
bottom-up-retention-v2,100,5,0.2,1,2023,HILP,1.0,1.0,120.0,ok,198.330533203125,0.15553190065651704,0.5174987550126389,True,2980.0,0.0,37.7604168606922,101.52316268067807,0.0,2980.0,2980.0,26.0,3815.0,3815.0,32637.0,32637.0,1000,0.172,5.0,5.459119815030135,policies/HILP-100-h5-d0.2-a1-l1.json,,grid-100x100-h5-d1-r1-b0.2,596c7bb3edf18336bbddbc87f66807023abd0e8d3abb2f7784bcc0a7a6a0b704,benchmarks/grid/fixed-duration/domain.rddl,benchmarks/grid/fixed-duration/grid-100x100-h5-d1-r1-b0.2.rddl,HILP
bottom-up-retention-v2,100,5,0.2,2,2023,HILP,1.0,1.0,120.0,ok,198.330533203125,0.15553190065651704,0.5057417859788984,True,2980.0,0.0,36.36665700469166,98.64988119807094,0.0,2980.0,2980.0,26.0,3815.0,3815.0,32637.0,32637.0,,,,,,,grid-100x100-h5-d1-r1-b0.2,596c7bb3edf18336bbddbc87f66807023abd0e8d3abb2f7784bcc0a7a6a0b704,benchmarks/grid/fixed-duration/domain.rddl,benchmarks/grid/fixed-duration/grid-100x100-h5-d1-r1-b0.2.rddl,HILP
bottom-up-retention-v2,100,5,0.2,3,2023,HILP,1.0,1.0,120.0,ok,198.330533203125,0.15553190065651704,0.5023176859831437,True,2980.0,0.0,36.40672715846449,101.317189168185,0.0,2980.0,2980.0,26.0,3815.0,3815.0,32637.0,32637.0,,,,,,,grid-100x100-h5-d1-r1-b0.2,596c7bb3edf18336bbddbc87f66807023abd0e8d3abb2f7784bcc0a7a6a0b704,benchmarks/grid/fixed-duration/domain.rddl,benchmarks/grid/fixed-duration/grid-100x100-h5-d1-r1-b0.2.rddl,HILP
bottom-up-retention-v2,100,5,0.3,1,2023,HILP,1.0,1.0,120.0,ok,198.330533203125,0.15553190065651704,0.6018220559926704,True,3880.0,0.0,46.661397092975676,113.42498264275491,0.0,3880.0,3880.0,29.0,4517.0,4517.0,43539.0,43539.0,1000,0.172,5.0,5.421353556914255,policies/HILP-100-h5-d0.3-a1-l1.json,,grid-100x100-h5-d1-r1-b0.3,6b3e7e4e9d43cf7a1b4cb5b82583d805f7672195c74d6e67da3060e3eecd63ae,benchmarks/grid/fixed-duration/domain.rddl,benchmarks/grid/fixed-duration/grid-100x100-h5-d1-r1-b0.3.rddl,HILP
bottom-up-retention-v2,100,5,0.3,2,2023,HILP,1.0,1.0,120.0,ok,198.330533203125,0.15553190065651704,0.5767227109754458,True,3880.0,0.0,46.553693944588304,112.26743191946298,0.0,3880.0,3880.0,29.0,4517.0,4517.0,43539.0,43539.0,,,,,,,grid-100x100-h5-d1-r1-b0.3,6b3e7e4e9d43cf7a1b4cb5b82583d805f7672195c74d6e67da3060e3eecd63ae,benchmarks/grid/fixed-duration/domain.rddl,benchmarks/grid/fixed-duration/grid-100x100-h5-d1-r1-b0.3.rddl,HILP
bottom-up-retention-v2,100,5,0.3,3,2023,HILP,1.0,1.0,120.0,ok,198.330533203125,0.15553190065651704,0.5718609730247408,True,3880.0,0.0,45.712402439676225,111.3393020350486,0.0,3880.0,3880.0,29.0,4517.0,4517.0,43539.0,43539.0,,,,,,,grid-100x100-h5-d1-r1-b0.3,6b3e7e4e9d43cf7a1b4cb5b82583d805f7672195c74d6e67da3060e3eecd63ae,benchmarks/grid/fixed-duration/domain.rddl,benchmarks/grid/fixed-duration/grid-100x100-h5-d1-r1-b0.3.rddl,HILP
bottom-up-retention-v2,100,6,0.1,1,2023,HILP,1.0,1.0,120.0,ok,200.85227121724492,0.10000091638022666,4.998291812953539,True,12172.0,0.0,193.07789916638285,2992.7331168437377,0.0,12172.0,12172.0,54.0,33629.0,33629.0,266959.0,266959.0,1000,0.098,6.0,6.569530175067484,policies/HILP-100-h6-d0.1-a1-l1.json,,grid-100x100-h6-d1-r1-b0.1,9d14c8a6ddf8e7476e0a1499611216761964933508025083f4cbb88ea5cda8c8,benchmarks/grid/fixed-duration/domain.rddl,benchmarks/grid/fixed-duration/grid-100x100-h6-d1-r1-b0.1.rddl,HILP
bottom-up-retention-v2,100,6,0.1,2,2023,HILP,1.0,1.0,120.0,ok,200.85227121724492,0.10000091638022666,5.017723356955685,True,12172.0,0.0,196.46953453775495,2995.155821205117,0.0,12172.0,12172.0,54.0,33629.0,33629.0,266959.0,266959.0,,,,,,,grid-100x100-h6-d1-r1-b0.1,9d14c8a6ddf8e7476e0a1499611216761964933508025083f4cbb88ea5cda8c8,benchmarks/grid/fixed-duration/domain.rddl,benchmarks/grid/fixed-duration/grid-100x100-h6-d1-r1-b0.1.rddl,HILP
bottom-up-retention-v2,100,6,0.1,3,2023,HILP,1.0,1.0,120.0,ok,200.85227121724492,0.10000091638022666,5.040230424958281,True,12172.0,0.0,238.02611872088164,3035.7123385183513,0.0,12172.0,12172.0,54.0,33629.0,33629.0,266959.0,266959.0,,,,,,,grid-100x100-h6-d1-r1-b0.1,9d14c8a6ddf8e7476e0a1499611216761964933508025083f4cbb88ea5cda8c8,benchmarks/grid/fixed-duration/domain.rddl,benchmarks/grid/fixed-duration/grid-100x100-h6-d1-r1-b0.1.rddl,HILP
bottom-up-retention-v2,100,6,0.2,1,2023,HILP,1.0,1.0,120.0,ok,198.42357029296872,0.16080297653519335,2.8407372978981584,True,13864.0,0.0,183.18701686803252,592.8931154776365,0.0,13864.0,13864.0,39.0,22472.0,22472.0,207136.0,207136.0,1000,0.161,6.0,6.6426047190325335,policies/HILP-100-h6-d0.2-a1-l1.json,,grid-100x100-h6-d1-r1-b0.2,91918929407bfc0c723fc3b8d1296f8f3b96028f1826a3ee39b74e8fc3aa4c59,benchmarks/grid/fixed-duration/domain.rddl,benchmarks/grid/fixed-duration/grid-100x100-h6-d1-r1-b0.2.rddl,HILP
bottom-up-retention-v2,100,6,0.2,2,2023,HILP,1.0,1.0,120.0,ok,198.42357029296872,0.16080297653519335,2.877253158017993,True,13864.0,0.0,214.99763848260045,595.9706482244655,0.0,13864.0,13864.0,39.0,22472.0,22472.0,207136.0,207136.0,,,,,,,grid-100x100-h6-d1-r1-b0.2,91918929407bfc0c723fc3b8d1296f8f3b96028f1826a3ee39b74e8fc3aa4c59,benchmarks/grid/fixed-duration/domain.rddl,benchmarks/grid/fixed-duration/grid-100x100-h6-d1-r1-b0.2.rddl,HILP
bottom-up-retention-v2,100,6,0.2,3,2023,HILP,1.0,1.0,120.0,ok,198.42357029296872,0.16080297653519335,2.830345640075393,True,13864.0,0.0,218.38433190714568,588.1590226199478,0.0,13864.0,13864.0,39.0,22472.0,22472.0,207136.0,207136.0,,,,,,,grid-100x100-h6-d1-r1-b0.2,91918929407bfc0c723fc3b8d1296f8f3b96028f1826a3ee39b74e8fc3aa4c59,benchmarks/grid/fixed-duration/domain.rddl,benchmarks/grid/fixed-duration/grid-100x100-h6-d1-r1-b0.2.rddl,HILP
bottom-up-retention-v2,100,6,0.3,1,2023,HILP,1.0,1.0,120.0,ok,198.42357029296872,0.16080297653519335,3.767911800998263,True,17260.0,0.0,262.0589506113902,823.0930338613689,0.0,17260.0,17260.0,53.0,37299.0,37299.0,372089.0,372089.0,1000,0.161,6.0,6.5856563850538805,policies/HILP-100-h6-d0.3-a1-l1.json,,grid-100x100-h6-d1-r1-b0.3,d0277a055245d6e3a7ef521aa3210ea3825677b0e7e40ff42792b1c14dfc57d3,benchmarks/grid/fixed-duration/domain.rddl,benchmarks/grid/fixed-duration/grid-100x100-h6-d1-r1-b0.3.rddl,HILP
bottom-up-retention-v2,100,6,0.3,2,2023,HILP,1.0,1.0,120.0,ok,198.42357029296872,0.16080297653519335,3.747604961041361,True,17260.0,0.0,276.6863467404619,816.1521448055282,0.0,17260.0,17260.0,53.0,37299.0,37299.0,372089.0,372089.0,,,,,,,grid-100x100-h6-d1-r1-b0.3,d0277a055245d6e3a7ef521aa3210ea3825677b0e7e40ff42792b1c14dfc57d3,benchmarks/grid/fixed-duration/domain.rddl,benchmarks/grid/fixed-duration/grid-100x100-h6-d1-r1-b0.3.rddl,HILP
bottom-up-retention-v2,100,6,0.3,3,2023,HILP,1.0,1.0,120.0,ok,198.42357029296872,0.16080297653519335,3.738268794026226,True,17260.0,0.0,283.8812671834603,815.9747294848785,0.0,17260.0,17260.0,53.0,37299.0,37299.0,372089.0,372089.0,,,,,,,grid-100x100-h6-d1-r1-b0.3,d0277a055245d6e3a7ef521aa3210ea3825677b0e7e40ff42792b1c14dfc57d3,benchmarks/grid/fixed-duration/domain.rddl,benchmarks/grid/fixed-duration/grid-100x100-h6-d1-r1-b0.3.rddl,HILP
